[matchday_prewarm] iniciando índice leve de 2026-08-12
[scraper] Challenge liberado. Sessao persistente ativa.
[matchday_prewarm] 2026-08-12: 10/332, falhas=0
[matchday_prewarm] 2026-08-12: 20/332, falhas=0
[matchday_prewarm] 2026-08-12: 30/332, falhas=0
[matchday_prewarm] 2026-08-12: 40/332, falhas=0
[matchday_prewarm] 2026-08-12: 50/332, falhas=0
[matchday_prewarm] 2026-08-12: 60/332, falhas=0
[matchday_prewarm] 2026-08-12: 70/332, falhas=0
[matchday_prewarm] 2026-08-12: 80/332, falhas=0
[matchday_prewarm] 2026-08-12: 90/332, falhas=0
[matchday_prewarm] 2026-08-12: 100/332, falhas=0
[matchday_prewarm] 2026-08-12: 110/332, falhas=0
[matchday_prewarm] 2026-08-12: 120/332, falhas=0
[matchday_prewarm] 2026-08-12: 130/332, falhas=0
[matchday_prewarm] 2026-08-12: 140/332, falhas=0
[matchday_prewarm] 2026-08-12: 150/332, falhas=0
[matchday_prewarm] 2026-08-12: 160/332, falhas=0
[matchday_prewarm] 2026-08-12: 170/332, falhas=0
[matchday_prewarm] 2026-08-12: 180/332, falhas=0
[matchday_prewarm] 2026-08-12: 190/332, falhas=0
[matchday_prewarm] 2026-08-12: 200/332, falhas=0
[matchday_prewarm] 2026-08-12: 210/332, falhas=0
[matchday_prewarm] 2026-08-12: 220/332, falhas=0
[matchday_prewarm] 2026-08-12: 230/332, falhas=0
[matchday_prewarm] 2026-08-12: 240/332, falhas=0
[matchday_prewarm] 2026-08-12: 250/332, falhas=0
[matchday_prewarm] 2026-08-12: 260/332, falhas=0
[matchday_prewarm] 2026-08-12: 270/332, falhas=0
[matchday_prewarm] 2026-08-12: 280/332, falhas=0
[matchday_prewarm] 2026-08-12: 290/332, falhas=0
[matchday_prewarm] 2026-08-12: 300/332, falhas=0
[matchday_prewarm] 2026-08-12: 310/332, falhas=0
[matchday_prewarm] 2026-08-12: 320/332, falhas=0
[matchday_prewarm] 2026-08-12: 330/332, falhas=0
[matchday_prewarm] 2026-08-12: completo=True entradas=332/332 falhas=0
[matchday_prewarm] iniciando índice leve de 2026-08-13
[matchday_prewarm] 2026-08-13: completo=True entradas=2/2 falhas=0
[matchday_prewarm] iniciando índice leve de 2026-08-13
[scraper] Challenge liberado. Sessao persistente ativa.
[matchday_prewarm] 2026-08-13: 10/165, falhas=0
[matchday_prewarm] 2026-08-13: 20/165, falhas=0
[matchday_prewarm] 2026-08-13: 30/165, falhas=0
[matchday_prewarm] 2026-08-13: 40/165, falhas=0
[matchday_prewarm] 2026-08-13: 50/165, falhas=0
[matchday_prewarm] 2026-08-13: 60/165, falhas=0
[matchday_prewarm] 2026-08-13: 70/165, falhas=0
[matchday_prewarm] 2026-08-13: 80/165, falhas=0
[matchday_prewarm] 2026-08-13: 90/165, falhas=0
[matchday_prewarm] 2026-08-13: 100/165, falhas=0
[matchday_prewarm] 2026-08-13: 110/165, falhas=0
[matchday_prewarm] 2026-08-13: 120/165, falhas=0
[matchday_prewarm] 2026-08-13: 130/165, falhas=0
[matchday_prewarm] 2026-08-13: 140/165, falhas=0
[matchday_prewarm] 2026-08-13: 150/165, falhas=0
[matchday_prewarm] 2026-08-13: 160/165, falhas=0
[matchday_prewarm] 2026-08-13: completo=True entradas=165/165 falhas=0
[matchday_prewarm] iniciando índice leve de 2026-08-14
[matchday_prewarm] 2026-08-14: completo=True entradas=0/0 falhas=0
[matchday_prewarm] iniciando índice leve de 2026-08-14
[scraper] Challenge liberado. Sessao persistente ativa.
[matchday_prewarm] 2026-08-14: 10/518, falhas=0
[matchday_prewarm] 2026-08-14: 20/518, falhas=0
[matchday_prewarm] 2026-08-14: 30/518, falhas=0
[matchday_prewarm] 2026-08-14: 40/518, falhas=0
[matchday_prewarm] 2026-08-14: 50/518, falhas=0
[matchday_prewarm] 2026-08-14: 60/518, falhas=0
[matchday_prewarm] 2026-08-14: 70/518, falhas=0
[matchday_prewarm] 2026-08-14: 80/518, falhas=0
[matchday_prewarm] 2026-08-14: 90/518, falhas=0
[matchday_prewarm] 2026-08-14: 100/518, falhas=0
[matchday_prewarm] 2026-08-14: 110/518, falhas=0
[matchday_prewarm] 2026-08-14: 120/518, falhas=0
[matchday_prewarm] 2026-08-14: 130/518, falhas=0
[matchday_prewarm] 2026-08-14: 140/518, falhas=0
[matchday_prewarm] 2026-08-14: 150/518, falhas=0
[matchday_prewarm] 2026-08-14: 160/518, falhas=0
[matchday_prewarm] 2026-08-14: 170/518, falhas=0
[matchday_prewarm] 2026-08-14: 180/518, falhas=0
[matchday_prewarm] 2026-08-14: 190/518, falhas=0
[matchday_prewarm] 2026-08-14: 200/518, falhas=0
[matchday_prewarm] 2026-08-14: 210/518, falhas=0
[matchday_prewarm] 2026-08-14: 220/518, falhas=0
[matchday_prewarm] 2026-08-14: 230/518, falhas=0
[matchday_prewarm] 2026-08-14: 240/518, falhas=0
[matchday_prewarm] 2026-08-14: 250/518, falhas=0
[matchday_prewarm] 2026-08-14: 260/518, falhas=0
[matchday_prewarm] 2026-08-14: 270/518, falhas=0
[matchday_prewarm] 2026-08-14: 280/518, falhas=0
[matchday_prewarm] 2026-08-14: 290/518, falhas=0
[matchday_prewarm] 2026-08-14: 300/518, falhas=0
[matchday_prewarm] 2026-08-14: 310/518, falhas=0
[matchday_prewarm] 2026-08-14: 320/518, falhas=0
[matchday_prewarm] 2026-08-14: 330/518, falhas=0
[matchday_prewarm] 2026-08-14: 340/518, falhas=0
[matchday_prewarm] 2026-08-14: 350/518, falhas=0
[matchday_prewarm] 2026-08-14: 360/518, falhas=0
[matchday_prewarm] 2026-08-14: 370/518, falhas=0
[matchday_prewarm] 2026-08-14: 380/518, falhas=0
[matchday_prewarm] 2026-08-14: 390/518, falhas=0
[matchday_prewarm] 2026-08-14: 400/518, falhas=0
[matchday_prewarm] 2026-08-14: 410/518, falhas=0
[matchday_prewarm] 2026-08-14: 420/518, falhas=0
[matchday_prewarm] 2026-08-14: 430/518, falhas=0
[matchday_prewarm] 2026-08-14: 440/518, falhas=0
[matchday_prewarm] 2026-08-14: 450/518, falhas=0
[matchday_prewarm] 2026-08-14: 460/518, falhas=0
[matchday_prewarm] 2026-08-14: 470/518, falhas=0
[matchday_prewarm] 2026-08-14: 480/518, falhas=0
[matchday_prewarm] 2026-08-14: 490/518, falhas=0
[matchday_prewarm] 2026-08-14: 500/518, falhas=0
[matchday_prewarm] 2026-08-14: 510/518, falhas=0
[matchday_prewarm] 2026-08-14: completo=True entradas=518/518 falhas=0
[matchday_prewarm] iniciando índice leve de 2026-08-15
[matchday_prewarm] 2026-08-15: 10/69, falhas=0
[matchday_prewarm] 2026-08-15: 20/69, falhas=0
[matchday_prewarm] 2026-08-15: 30/69, falhas=0
[matchday_prewarm] 2026-08-15: 40/69, falhas=0
[matchday_prewarm] 2026-08-15: 50/69, falhas=0
[matchday_prewarm] 2026-08-15: 60/69, falhas=0
[matchday_prewarm] 2026-08-15: completo=True entradas=69/69 falhas=0
[matchday_prewarm] iniciando índice leve de 2026-08-15
[scraper] Challenge liberado. Sessao persistente ativa.
[matchday_prewarm] 2026-08-15: 10/1340, falhas=0
[matchday_prewarm] 2026-08-15: 20/1340, falhas=0
[matchday_prewarm] 2026-08-15: 30/1340, falhas=0
[matchday_prewarm] 2026-08-15: 40/1340, falhas=0
[matchday_prewarm] 2026-08-15: 50/1340, falhas=0
[matchday_prewarm] 2026-08-15: 60/1340, falhas=0
[matchday_prewarm] 2026-08-15: 70/1340, falhas=0
[matchday_prewarm] 2026-08-15: 80/1340, falhas=0
[matchday_prewarm] 2026-08-15: 90/1340, falhas=0
[matchday_prewarm] 2026-08-15: 100/1340, falhas=0
[matchday_prewarm] 2026-08-15: 110/1340, falhas=0
[matchday_prewarm] 2026-08-15: 120/1340, falhas=0
[matchday_prewarm] 2026-08-15: 130/1340, falhas=0
[matchday_prewarm] 2026-08-15: 140/1340, falhas=0
[matchday_prewarm] 2026-08-15: 150/1340, falhas=0
[matchday_prewarm] 2026-08-15: 160/1340, falhas=0
[matchday_prewarm] 2026-08-15: 170/1340, falhas=0
[matchday_prewarm] 2026-08-15: 180/1340, falhas=0
[matchday_prewarm] 2026-08-15: 190/1340, falhas=0
[matchday_prewarm] 2026-08-15: 200/1340, falhas=0
[matchday_prewarm] 2026-08-15: 210/1340, falhas=0
[matchday_prewarm] 2026-08-15: 220/1340, falhas=0
[matchday_prewarm] 2026-08-15: 230/1340, falhas=0
[matchday_prewarm] 2026-08-15: 240/1340, falhas=0
[matchday_prewarm] 2026-08-15: 250/1340, falhas=0
[matchday_prewarm] 2026-08-15: 260/1340, falhas=0
[matchday_prewarm] 2026-08-15: 270/1340, falhas=0
[matchday_prewarm] 2026-08-15: 280/1340, falhas=0
[matchday_prewarm] 2026-08-15: 290/1340, falhas=0
[matchday_prewarm] 2026-08-15: 300/1340, falhas=0
[matchday_prewarm] 2026-08-15: 310/1340, falhas=0
[matchday_prewarm] 2026-08-15: 320/1340, falhas=0
[matchday_prewarm] 2026-08-15: 330/1340, falhas=0
[matchday_prewarm] 2026-08-15: 340/1340, falhas=0
[matchday_prewarm] 2026-08-15: 350/1340, falhas=0
[matchday_prewarm] 2026-08-15: 360/1340, falhas=0
[matchday_prewarm] 2026-08-15: 370/1340, falhas=0
[matchday_prewarm] 2026-08-15: 380/1340, falhas=0
[matchday_prewarm] 2026-08-15: 390/1340, falhas=0
[matchday_prewarm] 2026-08-15: 400/1340, falhas=0
[matchday_prewarm] 2026-08-15: 410/1340, falhas=0
[matchday_prewarm] 2026-08-15: 420/1340, falhas=0
[matchday_prewarm] 2026-08-15: 430/1340, falhas=0
[matchday_prewarm] 2026-08-15: 440/1340, falhas=0
[matchday_prewarm] 2026-08-15: 450/1340, falhas=0
[matchday_prewarm] 2026-08-15: 460/1340, falhas=0
[matchday_prewarm] 2026-08-15: 470/1340, falhas=0
[matchday_prewarm] 2026-08-15: 480/1340, falhas=0
[matchday_prewarm] 2026-08-15: 490/1340, falhas=0
[matchday_prewarm] 2026-08-15: 500/1340, falhas=0
[matchday_prewarm] 2026-08-15: 510/1340, falhas=0
[matchday_prewarm] 2026-08-15: 520/1340, falhas=0
[matchday_prewarm] 2026-08-15: 530/1340, falhas=0
[matchday_prewarm] 2026-08-15: 540/1340, falhas=0
[matchday_prewarm] 2026-08-15: 550/1340, falhas=0
[matchday_prewarm] 2026-08-15: 560/1340, falhas=0
[matchday_prewarm] 2026-08-15: 570/1340, falhas=0
[matchday_prewarm] 2026-08-15: 580/1340, falhas=0
[matchday_prewarm] 2026-08-15: 590/1340, falhas=0
[matchday_prewarm] 2026-08-15: 600/1340, falhas=0
[matchday_prewarm] 2026-08-15: 610/1340, falhas=0
[matchday_prewarm] 2026-08-15: 620/1340, falhas=0
[matchday_prewarm] 2026-08-15: 630/1340, falhas=0
[matchday_prewarm] 2026-08-15: 640/1340, falhas=0
[matchday_prewarm] 2026-08-15: 650/1340, falhas=0
[matchday_prewarm] 2026-08-15: 660/1340, falhas=0
[matchday_prewarm] 2026-08-15: 670/1340, falhas=0
[matchday_prewarm] 2026-08-15: 680/1340, falhas=0
[matchday_prewarm] 2026-08-15: 690/1340, falhas=0
[matchday_prewarm] 2026-08-15: 700/1340, falhas=0
[matchday_prewarm] 2026-08-15: 710/1340, falhas=0
[matchday_prewarm] 2026-08-15: 720/1340, falhas=0
[matchday_prewarm] 2026-08-15: 730/1340, falhas=0
[matchday_prewarm] 2026-08-15: 740/1340, falhas=0
[matchday_prewarm] 2026-08-15: 750/1340, falhas=0
[matchday_prewarm] 2026-08-15: 760/1340, falhas=0
[matchday_prewarm] 2026-08-15: 770/1340, falhas=0
[matchday_prewarm] 2026-08-15: 780/1340, falhas=0
[matchday_prewarm] 2026-08-15: 790/1340, falhas=0
[matchday_prewarm] 2026-08-15: 800/1340, falhas=0
[matchday_prewarm] 2026-08-15: 810/1340, falhas=0
[matchday_prewarm] 2026-08-15: 820/1340, falhas=0
[matchday_prewarm] 2026-08-15: 830/1340, falhas=0
[matchday_prewarm] 2026-08-15: 840/1340, falhas=0
[matchday_prewarm] 2026-08-15: 850/1340, falhas=0
[matchday_prewarm] 2026-08-15: 860/1340, falhas=0
[matchday_prewarm] 2026-08-15: 870/1340, falhas=0
[matchday_prewarm] 2026-08-15: 880/1340, falhas=0
[matchday_prewarm] 2026-08-15: 890/1340, falhas=0
[matchday_prewarm] 2026-08-15: 900/1340, falhas=0
[matchday_prewarm] 2026-08-15: 910/1340, falhas=0
[matchday_prewarm] 2026-08-15: 920/1340, falhas=0
[matchday_prewarm] 2026-08-15: 930/1340, falhas=0
[matchday_prewarm] 2026-08-15: 940/1340, falhas=0
[matchday_prewarm] 2026-08-15: 950/1340, falhas=0
[matchday_prewarm] 2026-08-15: 960/1340, falhas=0
[matchday_prewarm] 2026-08-15: 970/1340, falhas=0
[matchday_prewarm] 2026-08-15: 980/1340, falhas=0
[matchday_prewarm] 2026-08-15: 990/1340, falhas=0
[matchday_prewarm] 2026-08-15: 1000/1340, falhas=0
[matchday_prewarm] 2026-08-15: 1010/1340, falhas=0
[matchday_prewarm] 2026-08-15: 1020/1340, falhas=0
[matchday_prewarm] 2026-08-15: 1030/1340, falhas=0
[matchday_prewarm] 2026-08-15: 1040/1340, falhas=0
[matchday_prewarm] 2026-08-15: 1050/1340, falhas=0
[matchday_prewarm] 2026-08-15: 1060/1340, falhas=0
[matchday_prewarm] 2026-08-15: 1070/1340, falhas=0
[matchday_prewarm] 2026-08-15: 1080/1340, falhas=0
[matchday_prewarm] 2026-08-15: 1090/1340, falhas=0
[matchday_prewarm] 2026-08-15: 1100/1340, falhas=0
[matchday_prewarm] 2026-08-15: 1110/1340, falhas=0
[matchday_prewarm] 2026-08-15: 1120/1340, falhas=0
[matchday_prewarm] 2026-08-15: 1130/1340, falhas=0
[matchday_prewarm] 2026-08-15: 1140/1340, falhas=0
[matchday_prewarm] 2026-08-15: 1150/1340, falhas=0
[matchday_prewarm] 2026-08-15: 1160/1340, falhas=0
[matchday_prewarm] 2026-08-15: 1170/1340, falhas=0
[matchday_prewarm] 2026-08-15: 1180/1340, falhas=0
[matchday_prewarm] 2026-08-15: 1190/1340, falhas=0
[matchday_prewarm] 2026-08-15: 1200/1340, falhas=0
[matchday_prewarm] 2026-08-15: 1210/1340, falhas=0
[matchday_prewarm] 2026-08-15: 1220/1340, falhas=0
[matchday_prewarm] 2026-08-15: 1230/1340, falhas=0
[matchday_prewarm] 2026-08-15: 1240/1340, falhas=0
[matchday_prewarm] 2026-08-15: 1250/1340, falhas=0
[matchday_prewarm] 2026-08-15: 1260/1340, falhas=0
[matchday_prewarm] 2026-08-15: 1270/1340, falhas=0
[matchday_prewarm] 2026-08-15: 1280/1340, falhas=0
[matchday_prewarm] 2026-08-15: 1290/1340, falhas=0
[matchday_prewarm] 2026-08-15: 1300/1340, falhas=0
[matchday_prewarm] 2026-08-15: 1310/1340, falhas=0
[matchday_prewarm] 2026-08-15: 1320/1340, falhas=0
[matchday_prewarm] 2026-08-15: 1330/1340, falhas=0
[matchday_prewarm] 2026-08-15: 1340/1340, falhas=0
[matchday_prewarm] 2026-08-15: completo=True entradas=1340/1340 falhas=0
[matchday_prewarm] iniciando índice leve de 2026-08-16
[matchday_prewarm] 2026-08-16: 10/65, falhas=0
[matchday_prewarm] 2026-08-16: 20/65, falhas=0
[matchday_prewarm] 2026-08-16: 30/65, falhas=0
[matchday_prewarm] 2026-08-16: 40/65, falhas=0
[matchday_prewarm] 2026-08-16: 50/65, falhas=0
[matchday_prewarm] 2026-08-16: 60/65, falhas=0
[matchday_prewarm] 2026-08-16: completo=True entradas=65/65 falhas=0
[matchday_prewarm] iniciando índice leve de 2026-08-16
[scraper] Challenge liberado. Sessao persistente ativa.
[matchday_prewarm] 2026-08-16: 10/773, falhas=0
[matchday_prewarm] 2026-08-16: 20/773, falhas=0
[matchday_prewarm] 2026-08-16: 30/773, falhas=0
[matchday_prewarm] 2026-08-16: 40/773, falhas=0
[matchday_prewarm] 2026-08-16: 50/773, falhas=0
[matchday_prewarm] 2026-08-16: 60/773, falhas=0
[matchday_prewarm] 2026-08-16: 70/773, falhas=0
[matchday_prewarm] 2026-08-16: 80/773, falhas=0
[matchday_prewarm] 2026-08-16: 90/773, falhas=0
[matchday_prewarm] 2026-08-16: 100/773, falhas=0
[matchday_prewarm] 2026-08-16: 110/773, falhas=0
[matchday_prewarm] 2026-08-16: 120/773, falhas=0
[matchday_prewarm] 2026-08-16: 130/773, falhas=0
[matchday_prewarm] 2026-08-16: 140/773, falhas=0
[matchday_prewarm] 2026-08-16: 150/773, falhas=0
[matchday_prewarm] 2026-08-16: 160/773, falhas=0
[matchday_prewarm] 2026-08-16: 170/773, falhas=0
[matchday_prewarm] 2026-08-16: 180/773, falhas=0
[matchday_prewarm] 2026-08-16: 190/773, falhas=0
[matchday_prewarm] 2026-08-16: 200/773, falhas=0
[matchday_prewarm] 2026-08-16: 210/773, falhas=0
[matchday_prewarm] 2026-08-16: 220/773, falhas=0
[matchday_prewarm] 2026-08-16: 230/773, falhas=0
[matchday_prewarm] 2026-08-16: 240/773, falhas=0
[matchday_prewarm] 2026-08-16: 250/773, falhas=0
[matchday_prewarm] 2026-08-16: 260/773, falhas=0
[matchday_prewarm] 2026-08-16: 270/773, falhas=0
[matchday_prewarm] 2026-08-16: 280/773, falhas=0
[matchday_prewarm] 2026-08-16: 290/773, falhas=0
[matchday_prewarm] 2026-08-16: 300/773, falhas=0
[matchday_prewarm] 2026-08-16: 310/773, falhas=0
[matchday_prewarm] 2026-08-16: 320/773, falhas=0
[matchday_prewarm] 2026-08-16: 330/773, falhas=0
[matchday_prewarm] 2026-08-16: 340/773, falhas=0
[matchday_prewarm] 2026-08-16: 350/773, falhas=0
[matchday_prewarm] 2026-08-16: 360/773, falhas=0
[matchday_prewarm] 2026-08-16: 370/773, falhas=0
[matchday_prewarm] 2026-08-16: 380/773, falhas=0
[matchday_prewarm] 2026-08-16: 390/773, falhas=0
[matchday_prewarm] 2026-08-16: 400/773, falhas=0
[matchday_prewarm] 2026-08-16: 410/773, falhas=0
[matchday_prewarm] 2026-08-16: 420/773, falhas=0
[matchday_prewarm] 2026-08-16: 430/773, falhas=0
[matchday_prewarm] 2026-08-16: 440/773, falhas=0
[matchday_prewarm] 2026-08-16: 450/773, falhas=0
[matchday_prewarm] 2026-08-16: 460/773, falhas=0
[matchday_prewarm] 2026-08-16: 470/773, falhas=0
[matchday_prewarm] 2026-08-16: 480/773, falhas=0
[matchday_prewarm] 2026-08-16: 490/773, falhas=0
[matchday_prewarm] 2026-08-16: 500/773, falhas=0
[matchday_prewarm] 2026-08-16: 510/773, falhas=0
[matchday_prewarm] 2026-08-16: 520/773, falhas=0
[matchday_prewarm] 2026-08-16: 530/773, falhas=0
[matchday_prewarm] 2026-08-16: 540/773, falhas=0
[matchday_prewarm] 2026-08-16: 550/773, falhas=0
[matchday_prewarm] 2026-08-16: 560/773, falhas=0
[matchday_prewarm] 2026-08-16: 570/773, falhas=0
[matchday_prewarm] 2026-08-16: 580/773, falhas=0
[matchday_prewarm] 2026-08-16: 590/773, falhas=0
[matchday_prewarm] 2026-08-16: 600/773, falhas=0
[matchday_prewarm] 2026-08-16: 610/773, falhas=0
[matchday_prewarm] 2026-08-16: 620/773, falhas=0
[matchday_prewarm] 2026-08-16: 630/773, falhas=0
[matchday_prewarm] 2026-08-16: 640/773, falhas=0
[matchday_prewarm] 2026-08-16: 650/773, falhas=0
[matchday_prewarm] 2026-08-16: 660/773, falhas=0
[matchday_prewarm] 2026-08-16: 670/773, falhas=0
[matchday_prewarm] 2026-08-16: 680/773, falhas=0
[matchday_prewarm] 2026-08-16: 690/773, falhas=0
[matchday_prewarm] 2026-08-16: 700/773, falhas=0
[matchday_prewarm] 2026-08-16: 710/773, falhas=0
[matchday_prewarm] 2026-08-16: 720/773, falhas=0
[matchday_prewarm] 2026-08-16: 730/773, falhas=0
[matchday_prewarm] 2026-08-16: 740/773, falhas=0
[matchday_prewarm] 2026-08-16: 750/773, falhas=0
[matchday_prewarm] 2026-08-16: 760/773, falhas=0
[matchday_prewarm] 2026-08-16: 770/773, falhas=0
[matchday_prewarm] 2026-08-16: completo=True entradas=773/773 falhas=0
[matchday_prewarm] iniciando índice leve de 2026-08-17
[matchday_prewarm] 2026-08-17: completo=True entradas=0/0 falhas=0
[matchday_prewarm] iniciando índice leve de 2026-08-17
[scraper] Challenge liberado. Sessao persistente ativa.
[matchday_prewarm] 2026-08-17: 10/181, falhas=0
[matchday_prewarm] 2026-08-17: 20/181, falhas=0
[matchday_prewarm] 2026-08-17: 30/181, falhas=0
[matchday_prewarm] 2026-08-17: 40/181, falhas=0
[matchday_prewarm] 2026-08-17: 50/181, falhas=0
[matchday_prewarm] 2026-08-17: 60/181, falhas=0
[matchday_prewarm] 2026-08-17: 70/181, falhas=0
[matchday_prewarm] 2026-08-17: 80/181, falhas=0
[matchday_prewarm] 2026-08-17: 90/181, falhas=0
[matchday_prewarm] 2026-08-17: 100/181, falhas=0
[matchday_prewarm] 2026-08-17: 110/181, falhas=0
[matchday_prewarm] 2026-08-17: 120/181, falhas=0
[matchday_prewarm] 2026-08-17: 130/181, falhas=0
[matchday_prewarm] 2026-08-17: 140/181, falhas=0
[matchday_prewarm] 2026-08-17: 150/181, falhas=0
[matchday_prewarm] 2026-08-17: 160/181, falhas=0
[matchday_prewarm] 2026-08-17: 170/181, falhas=0
[matchday_prewarm] 2026-08-17: 180/181, falhas=0
[matchday_prewarm] 2026-08-17: completo=True entradas=181/181 falhas=0
[matchday_prewarm] iniciando índice leve de 2026-08-18
[matchday_prewarm] 2026-08-18: completo=True entradas=1/1 falhas=0
[matchday_prewarm] iniciando índice leve de 2026-08-18
[scraper] Challenge liberado. Sessao persistente ativa.
[matchday_prewarm] 2026-08-18: 10/231, falhas=0
[matchday_prewarm] 2026-08-18: 20/231, falhas=0
[matchday_prewarm] 2026-08-18: 30/231, falhas=0
[matchday_prewarm] 2026-08-18: 40/231, falhas=0
[matchday_prewarm] 2026-08-18: 50/231, falhas=0
[matchday_prewarm] 2026-08-18: 60/231, falhas=0
[matchday_prewarm] 2026-08-18: 70/231, falhas=0
[matchday_prewarm] 2026-08-18: 80/231, falhas=0
[matchday_prewarm] 2026-08-18: 90/231, falhas=0
[matchday_prewarm] 2026-08-18: 100/231, falhas=0
[matchday_prewarm] 2026-08-18: 110/231, falhas=0
[matchday_prewarm] 2026-08-18: 120/231, falhas=0
[matchday_prewarm] 2026-08-18: 130/231, falhas=0
[matchday_prewarm] 2026-08-18: 140/231, falhas=0
[matchday_prewarm] 2026-08-18: 150/231, falhas=0
[matchday_prewarm] 2026-08-18: 160/231, falhas=0
[matchday_prewarm] 2026-08-18: 170/231, falhas=0
[matchday_prewarm] 2026-08-18: 180/231, falhas=0
[matchday_prewarm] 2026-08-18: 190/231, falhas=0
[matchday_prewarm] 2026-08-18: 200/231, falhas=0
[matchday_prewarm] 2026-08-18: 210/231, falhas=0
[matchday_prewarm] 2026-08-18: 220/231, falhas=0
[matchday_prewarm] 2026-08-18: 230/231, falhas=0
[matchday_prewarm] 2026-08-18: completo=True entradas=231/231 falhas=0
[matchday_prewarm] iniciando índice leve de 2026-08-19
[matchday_prewarm] 2026-08-19: completo=True entradas=3/3 falhas=0
[matchday_prewarm] iniciando índice leve de 2026-08-19
[matchday_prewarm] 2026-08-19: 10/406, falhas=0
[matchday_prewarm] 2026-08-19: 20/406, falhas=0
[matchday_prewarm] 2026-08-19: 30/406, falhas=0
[matchday_prewarm] 2026-08-19: 40/406, falhas=0
[matchday_prewarm] 2026-08-19: 50/406, falhas=0
[matchday_prewarm] 2026-08-19: 60/406, falhas=0
[matchday_prewarm] 2026-08-19: 70/406, falhas=0
[matchday_prewarm] 2026-08-19: 80/406, falhas=0
[matchday_prewarm] 2026-08-19: 90/406, falhas=0
[matchday_prewarm] 2026-08-19: 100/406, falhas=0
[matchday_prewarm] 2026-08-19: 110/406, falhas=0
[matchday_prewarm] 2026-08-19: 120/406, falhas=0
[matchday_prewarm] 2026-08-19: 130/406, falhas=0
[matchday_prewarm] 2026-08-19: 140/406, falhas=0
[matchday_prewarm] 2026-08-19: 150/406, falhas=0
[matchday_prewarm] 2026-08-19: 160/406, falhas=0
[matchday_prewarm] 2026-08-19: 170/406, falhas=0
[matchday_prewarm] 2026-08-19: 180/406, falhas=0
[matchday_prewarm] 2026-08-19: 190/406, falhas=0
[matchday_prewarm] 2026-08-19: 200/406, falhas=0
[matchday_prewarm] 2026-08-19: 210/406, falhas=0
[matchday_prewarm] 2026-08-19: 220/406, falhas=0
[matchday_prewarm] 2026-08-19: 230/406, falhas=0
[matchday_prewarm] 2026-08-19: 240/406, falhas=0
[matchday_prewarm] 2026-08-19: 250/406, falhas=0
[matchday_prewarm] 2026-08-19: 260/406, falhas=0
[matchday_prewarm] 2026-08-19: 270/406, falhas=0
[matchday_prewarm] 2026-08-19: 280/406, falhas=0
[matchday_prewarm] 2026-08-19: 290/406, falhas=0
[matchday_prewarm] 2026-08-19: 300/406, falhas=0
[matchday_prewarm] 2026-08-19: 310/406, falhas=0
[matchday_prewarm] 2026-08-19: 320/406, falhas=0
[matchday_prewarm] 2026-08-19: 330/406, falhas=0
[matchday_prewarm] 2026-08-19: 340/406, falhas=0
[matchday_prewarm] 2026-08-19: 350/406, falhas=0
[matchday_prewarm] 2026-08-19: 360/406, falhas=0
[matchday_prewarm] 2026-08-19: 370/406, falhas=0
[matchday_prewarm] 2026-08-19: 380/406, falhas=0
[matchday_prewarm] 2026-08-19: 390/406, falhas=0
[matchday_prewarm] 2026-08-19: 400/406, falhas=0
[matchday_prewarm] 2026-08-19: completo=True entradas=406/406 falhas=0
[matchday_prewarm] iniciando índice leve de 2026-08-20
[matchday_prewarm] 2026-08-20: completo=True entradas=1/1 falhas=0
[matchday_prewarm] iniciando índice leve de 2026-08-20
[scraper] Challenge liberado. Sessao persistente ativa.
[matchday_prewarm] 2026-08-20: 10/207, falhas=0
[matchday_prewarm] 2026-08-20: 20/207, falhas=0
[matchday_prewarm] 2026-08-20: 30/207, falhas=0
[matchday_prewarm] 2026-08-20: 40/207, falhas=0
[matchday_prewarm] 2026-08-20: 50/207, falhas=0
[matchday_prewarm] 2026-08-20: 60/207, falhas=0
[matchday_prewarm] 2026-08-20: 70/207, falhas=0
[matchday_prewarm] 2026-08-20: 80/207, falhas=0
[matchday_prewarm] 2026-08-20: 90/207, falhas=0
[matchday_prewarm] 2026-08-20: 100/207, falhas=0
[matchday_prewarm] 2026-08-20: 110/207, falhas=0
[matchday_prewarm] 2026-08-20: 120/207, falhas=0
[matchday_prewarm] 2026-08-20: 130/207, falhas=0
[matchday_prewarm] 2026-08-20: 140/207, falhas=0
[matchday_prewarm] 2026-08-20: 150/207, falhas=0
[matchday_prewarm] 2026-08-20: 160/207, falhas=0
[matchday_prewarm] 2026-08-20: 170/207, falhas=0
[matchday_prewarm] 2026-08-20: 180/207, falhas=0
[matchday_prewarm] 2026-08-20: 190/207, falhas=0
[matchday_prewarm] 2026-08-20: 200/207, falhas=0
[matchday_prewarm] 2026-08-20: completo=True entradas=207/207 falhas=0
[matchday_prewarm] iniciando índice leve de 2026-08-21
[matchday_prewarm] 2026-08-21: completo=True entradas=8/8 falhas=0
[matchday_prewarm] iniciando índice leve de 2026-08-21
[scraper] Challenge liberado. Sessao persistente ativa.
[scraper] Cloudflare detectado. Tentando clicar no checkbox automaticamente...
[scraper] Challenge liberado. Sessao persistente ativa.
[matchday_prewarm] 2026-08-21: 10/478, falhas=0
[matchday_prewarm] 2026-08-21: 20/478, falhas=0
[matchday_prewarm] 2026-08-21: 30/478, falhas=0
[matchday_prewarm] 2026-08-21: 40/478, falhas=0
[matchday_prewarm] 2026-08-21: 50/478, falhas=0
[matchday_prewarm] 2026-08-21: 60/478, falhas=0
[matchday_prewarm] 2026-08-21: 70/478, falhas=0
[matchday_prewarm] 2026-08-21: 80/478, falhas=0
[matchday_prewarm] 2026-08-21: 90/478, falhas=0
[matchday_prewarm] 2026-08-21: 100/478, falhas=0
[matchday_prewarm] 2026-08-21: 110/478, falhas=0
[matchday_prewarm] 2026-08-21: 120/478, falhas=0
[matchday_prewarm] 2026-08-21: 130/478, falhas=0
[matchday_prewarm] 2026-08-21: 140/478, falhas=0
[matchday_prewarm] 2026-08-21: 150/478, falhas=0
[matchday_prewarm] 2026-08-21: 160/478, falhas=0
[matchday_prewarm] 2026-08-21: 170/478, falhas=0
[matchday_prewarm] 2026-08-21: 180/478, falhas=0
[matchday_prewarm] 2026-08-21: 190/478, falhas=0
[matchday_prewarm] 2026-08-21: 200/478, falhas=0
[matchday_prewarm] 2026-08-21: 210/478, falhas=0
[matchday_prewarm] 2026-08-21: 220/478, falhas=0
[matchday_prewarm] 2026-08-21: 230/478, falhas=0
[matchday_prewarm] 2026-08-21: 240/478, falhas=0
[matchday_prewarm] 2026-08-21: 250/478, falhas=0
[matchday_prewarm] 2026-08-21: 260/478, falhas=0
[matchday_prewarm] 2026-08-21: 270/478, falhas=0
[matchday_prewarm] 2026-08-21: 280/478, falhas=0
[matchday_prewarm] 2026-08-21: 290/478, falhas=0
[matchday_prewarm] 2026-08-21: 300/478, falhas=0
[matchday_prewarm] 2026-08-21: 310/478, falhas=0
[matchday_prewarm] 2026-08-21: 320/478, falhas=0
[matchday_prewarm] 2026-08-21: 330/478, falhas=0
[matchday_prewarm] 2026-08-21: 340/478, falhas=0
[matchday_prewarm] 2026-08-21: 350/478, falhas=0
[matchday_prewarm] 2026-08-21: 360/478, falhas=0
[matchday_prewarm] 2026-08-21: 370/478, falhas=0
[matchday_prewarm] 2026-08-21: 380/478, falhas=0
[matchday_prewarm] 2026-08-21: 390/478, falhas=0
[matchday_prewarm] 2026-08-21: 400/478, falhas=0
[matchday_prewarm] 2026-08-21: 410/478, falhas=0
[matchday_prewarm] 2026-08-21: 420/478, falhas=0
[matchday_prewarm] 2026-08-21: 430/478, falhas=0
[matchday_prewarm] 2026-08-21: 440/478, falhas=0
[matchday_prewarm] 2026-08-21: 450/478, falhas=0
[matchday_prewarm] 2026-08-21: 460/478, falhas=0
[matchday_prewarm] 2026-08-21: 470/478, falhas=0
[matchday_prewarm] 2026-08-21: completo=True entradas=478/478 falhas=0
[matchday_prewarm] iniciando índice leve de 2026-08-22
[matchday_prewarm] 2026-08-22: 10/74, falhas=0
[matchday_prewarm] 2026-08-22: 20/74, falhas=0
[matchday_prewarm] 2026-08-22: 30/74, falhas=0
[matchday_prewarm] 2026-08-22: 40/74, falhas=0
[matchday_prewarm] 2026-08-22: 50/74, falhas=0
[matchday_prewarm] 2026-08-22: 60/74, falhas=0
[matchday_prewarm] 2026-08-22: 70/74, falhas=0
[matchday_prewarm] 2026-08-22: completo=True entradas=74/74 falhas=0
[matchday_prewarm] iniciando índice leve de 2026-08-22
[scraper] Challenge liberado. Sessao persistente ativa.
[matchday_prewarm] 2026-08-22: 10/1396, falhas=0
[matchday_prewarm] 2026-08-22: 20/1396, falhas=0
[matchday_prewarm] 2026-08-22: 30/1396, falhas=0
[matchday_prewarm] 2026-08-22: 40/1396, falhas=0
[matchday_prewarm] 2026-08-22: 50/1396, falhas=0
[matchday_prewarm] 2026-08-22: 60/1396, falhas=0
[matchday_prewarm] 2026-08-22: 70/1396, falhas=0
[scraper] Cloudflare detectado. Tentando clicar no checkbox automaticamente...
[scraper] Challenge liberado. Sessao persistente ativa.
[matchday_prewarm] 2026-08-22: 80/1396, falhas=0
[matchday_prewarm] 2026-08-22: 90/1396, falhas=0
[matchday_prewarm] 2026-08-22: 100/1396, falhas=0
[matchday_prewarm] 2026-08-22: 110/1396, falhas=0
[matchday_prewarm] 2026-08-22: 120/1396, falhas=0
[matchday_prewarm] 2026-08-22: 130/1396, falhas=0
[matchday_prewarm] 2026-08-22: 140/1396, falhas=0
[matchday_prewarm] 2026-08-22: 150/1396, falhas=0
[matchday_prewarm] 2026-08-22: 160/1396, falhas=0
[matchday_prewarm] 2026-08-22: 170/1396, falhas=0
[matchday_prewarm] 2026-08-22: 180/1396, falhas=0
[matchday_prewarm] 2026-08-22: 190/1396, falhas=0
[matchday_prewarm] 2026-08-22: 200/1396, falhas=0
[matchday_prewarm] 2026-08-22: 210/1396, falhas=0
[matchday_prewarm] 2026-08-22: 220/1396, falhas=0
[matchday_prewarm] 2026-08-22: 230/1396, falhas=0
[matchday_prewarm] 2026-08-22: 240/1396, falhas=0
[matchday_prewarm] 2026-08-22: 250/1396, falhas=0
[matchday_prewarm] 2026-08-22: 260/1396, falhas=0
[matchday_prewarm] 2026-08-22: 270/1396, falhas=0
[matchday_prewarm] 2026-08-22: 280/1396, falhas=0
[matchday_prewarm] 2026-08-22: 290/1396, falhas=0
[matchday_prewarm] 2026-08-22: 300/1396, falhas=0
[matchday_prewarm] 2026-08-22: 310/1396, falhas=0
[matchday_prewarm] 2026-08-22: 320/1396, falhas=0
[matchday_prewarm] 2026-08-22: 330/1396, falhas=0
[matchday_prewarm] 2026-08-22: 340/1396, falhas=0
[matchday_prewarm] 2026-08-22: 350/1396, falhas=0
[matchday_prewarm] 2026-08-22: 360/1396, falhas=0
[matchday_prewarm] 2026-08-22: 370/1396, falhas=0
[matchday_prewarm] 2026-08-22: 380/1396, falhas=0
[matchday_prewarm] 2026-08-22: 390/1396, falhas=0
[matchday_prewarm] 2026-08-22: 400/1396, falhas=0
[matchday_prewarm] 2026-08-22: 410/1396, falhas=0
[matchday_prewarm] 2026-08-22: 420/1396, falhas=0
[matchday_prewarm] 2026-08-22: 430/1396, falhas=0
[matchday_prewarm] 2026-08-22: 440/1396, falhas=0
[matchday_prewarm] 2026-08-22: 450/1396, falhas=0
[matchday_prewarm] 2026-08-22: 460/1396, falhas=0
[matchday_prewarm] 2026-08-22: 470/1396, falhas=0
[matchday_prewarm] 2026-08-22: 480/1396, falhas=0
[matchday_prewarm] 2026-08-22: 490/1396, falhas=0
[matchday_prewarm] 2026-08-22: 500/1396, falhas=0
[matchday_prewarm] 2026-08-22: 510/1396, falhas=0
[matchday_prewarm] 2026-08-22: 520/1396, falhas=0
[matchday_prewarm] 2026-08-22: 530/1396, falhas=0
[matchday_prewarm] 2026-08-22: 540/1396, falhas=0
[matchday_prewarm] 2026-08-22: 550/1396, falhas=0
[matchday_prewarm] 2026-08-22: 560/1396, falhas=0
[matchday_prewarm] 2026-08-22: 570/1396, falhas=0
[matchday_prewarm] 2026-08-22: 580/1396, falhas=0
[matchday_prewarm] 2026-08-22: 590/1396, falhas=0
[matchday_prewarm] 2026-08-22: 600/1396, falhas=0
[matchday_prewarm] 2026-08-22: 610/1396, falhas=0
[matchday_prewarm] 2026-08-22: 620/1396, falhas=0
[matchday_prewarm] 2026-08-22: 630/1396, falhas=0
[matchday_prewarm] 2026-08-22: 640/1396, falhas=0
[matchday_prewarm] 2026-08-22: 650/1396, falhas=0
[matchday_prewarm] 2026-08-22: 660/1396, falhas=0
[matchday_prewarm] 2026-08-22: 670/1396, falhas=0
[matchday_prewarm] 2026-08-22: 680/1396, falhas=0
[matchday_prewarm] 2026-08-22: 690/1396, falhas=0
[matchday_prewarm] 2026-08-22: 700/1396, falhas=0
[matchday_prewarm] 2026-08-22: 710/1396, falhas=0
[matchday_prewarm] 2026-08-22: 720/1396, falhas=0
[matchday_prewarm] 2026-08-22: 730/1396, falhas=0
[matchday_prewarm] 2026-08-22: 740/1396, falhas=0
[matchday_prewarm] 2026-08-22: 750/1396, falhas=0
[matchday_prewarm] 2026-08-22: 760/1396, falhas=0
[matchday_prewarm] 2026-08-22: 770/1396, falhas=0
[matchday_prewarm] 2026-08-22: 780/1396, falhas=0
[matchday_prewarm] 2026-08-22: 790/1396, falhas=0
[matchday_prewarm] 2026-08-22: 800/1396, falhas=0
[matchday_prewarm] 2026-08-22: 810/1396, falhas=0
[matchday_prewarm] 2026-08-22: 820/1396, falhas=0
[matchday_prewarm] 2026-08-22: 830/1396, falhas=0
[matchday_prewarm] 2026-08-22: 840/1396, falhas=0
[matchday_prewarm] 2026-08-22: 850/1396, falhas=0
[matchday_prewarm] 2026-08-22: 860/1396, falhas=0
[matchday_prewarm] 2026-08-22: 870/1396, falhas=0
[matchday_prewarm] 2026-08-22: 880/1396, falhas=0
[matchday_prewarm] 2026-08-22: 890/1396, falhas=0
[matchday_prewarm] 2026-08-22: 900/1396, falhas=0
[matchday_prewarm] 2026-08-22: 910/1396, falhas=0
[matchday_prewarm] 2026-08-22: 920/1396, falhas=0
[matchday_prewarm] 2026-08-22: 930/1396, falhas=0
[matchday_prewarm] 2026-08-22: 940/1396, falhas=0
[matchday_prewarm] 2026-08-22: 950/1396, falhas=0
[matchday_prewarm] 2026-08-22: 960/1396, falhas=0
[matchday_prewarm] 2026-08-22: 970/1396, falhas=0
[matchday_prewarm] 2026-08-22: 980/1396, falhas=0
[matchday_prewarm] 2026-08-22: 990/1396, falhas=0
[matchday_prewarm] 2026-08-22: 1000/1396, falhas=0
[matchday_prewarm] 2026-08-22: 1010/1396, falhas=0
[matchday_prewarm] 2026-08-22: 1020/1396, falhas=0
[matchday_prewarm] 2026-08-22: 1030/1396, falhas=0
[matchday_prewarm] 2026-08-22: 1040/1396, falhas=0
[matchday_prewarm] 2026-08-22: 1050/1396, falhas=0
[matchday_prewarm] 2026-08-22: 1060/1396, falhas=0
[matchday_prewarm] 2026-08-22: 1070/1396, falhas=0
[matchday_prewarm] 2026-08-22: 1080/1396, falhas=0
[matchday_prewarm] 2026-08-22: 1090/1396, falhas=0
[matchday_prewarm] 2026-08-22: 1100/1396, falhas=0
[matchday_prewarm] 2026-08-22: 1110/1396, falhas=0
[matchday_prewarm] 2026-08-22: 1120/1396, falhas=0
[matchday_prewarm] 2026-08-22: 1130/1396, falhas=0
[matchday_prewarm] 2026-08-22: 1140/1396, falhas=0
[matchday_prewarm] 2026-08-22: 1150/1396, falhas=0
[matchday_prewarm] 2026-08-22: 1160/1396, falhas=0
[matchday_prewarm] 2026-08-22: 1170/1396, falhas=0
[matchday_prewarm] 2026-08-22: 1180/1396, falhas=0
[matchday_prewarm] 2026-08-22: 1190/1396, falhas=0
[matchday_prewarm] 2026-08-22: 1200/1396, falhas=0
[matchday_prewarm] 2026-08-22: 1210/1396, falhas=0
[matchday_prewarm] 2026-08-22: 1220/1396, falhas=0
[matchday_prewarm] 2026-08-22: 1230/1396, falhas=0
[matchday_prewarm] 2026-08-22: 1240/1396, falhas=0
[matchday_prewarm] 2026-08-22: 1250/1396, falhas=0
[matchday_prewarm] 2026-08-22: 1260/1396, falhas=0
[matchday_prewarm] 2026-08-22: 1270/1396, falhas=0
[matchday_prewarm] 2026-08-22: 1280/1396, falhas=0
[matchday_prewarm] 2026-08-22: 1290/1396, falhas=0
[matchday_prewarm] 2026-08-22: 1300/1396, falhas=0
[matchday_prewarm] 2026-08-22: 1310/1396, falhas=0
[matchday_prewarm] 2026-08-22: 1320/1396, falhas=0
[matchday_prewarm] 2026-08-22: 1330/1396, falhas=0
[matchday_prewarm] 2026-08-22: 1340/1396, falhas=0
[matchday_prewarm] 2026-08-22: 1350/1396, falhas=0
[matchday_prewarm] 2026-08-22: 1360/1396, falhas=0
[matchday_prewarm] 2026-08-22: 1370/1396, falhas=0
[matchday_prewarm] 2026-08-22: 1380/1396, falhas=0
[matchday_prewarm] 2026-08-22: 1390/1396, falhas=0
[matchday_prewarm] 2026-08-22: completo=True entradas=1396/1396 falhas=0
[matchday_prewarm] iniciando índice leve de 2026-08-23
[matchday_prewarm] 2026-08-23: 10/39, falhas=0
[matchday_prewarm] 2026-08-23: 20/39, falhas=0
[matchday_prewarm] 2026-08-23: 30/39, falhas=0
[matchday_prewarm] 2026-08-23: completo=True entradas=39/39 falhas=0
[matchday_prewarm] iniciando índice leve de 2026-08-23
[scraper] Challenge liberado. Sessao persistente ativa.
[matchday_prewarm] 2026-08-23: 10/862, falhas=0
[matchday_prewarm] 2026-08-23: 20/862, falhas=0
[matchday_prewarm] 2026-08-23: 30/862, falhas=0
[matchday_prewarm] 2026-08-23: 40/862, falhas=0
[matchday_prewarm] 2026-08-23: 50/862, falhas=0
[matchday_prewarm] 2026-08-23: 60/862, falhas=0
[matchday_prewarm] 2026-08-23: 70/862, falhas=0
[matchday_prewarm] 2026-08-23: 80/862, falhas=0
[matchday_prewarm] 2026-08-23: 90/862, falhas=0
[matchday_prewarm] 2026-08-23: 100/862, falhas=0
[matchday_prewarm] 2026-08-23: 110/862, falhas=0
[matchday_prewarm] 2026-08-23: 120/862, falhas=0
[matchday_prewarm] 2026-08-23: 130/862, falhas=0
[matchday_prewarm] 2026-08-23: 140/862, falhas=0
[matchday_prewarm] 2026-08-23: 150/862, falhas=0
[scraper] Cloudflare detectado. Tentando clicar no checkbox automaticamente...
[scraper] Challenge liberado. Sessao persistente ativa.
[matchday_prewarm] 2026-08-23: 160/862, falhas=0
[matchday_prewarm] 2026-08-23: 170/862, falhas=0
[matchday_prewarm] 2026-08-23: 180/862, falhas=0
[matchday_prewarm] 2026-08-23: 190/862, falhas=0
[matchday_prewarm] 2026-08-23: 200/862, falhas=0
[matchday_prewarm] 2026-08-23: 210/862, falhas=0
[matchday_prewarm] 2026-08-23: 220/862, falhas=0
[matchday_prewarm] 2026-08-23: 230/862, falhas=0
[matchday_prewarm] 2026-08-23: 240/862, falhas=0
[matchday_prewarm] 2026-08-23: 250/862, falhas=0
[matchday_prewarm] 2026-08-23: 260/862, falhas=0
[matchday_prewarm] 2026-08-23: 270/862, falhas=0
[matchday_prewarm] 2026-08-23: 280/862, falhas=0
[matchday_prewarm] 2026-08-23: 290/862, falhas=0
[matchday_prewarm] 2026-08-23: 300/862, falhas=0
[matchday_prewarm] 2026-08-23: 310/862, falhas=0
[matchday_prewarm] 2026-08-23: 320/862, falhas=0
[matchday_prewarm] 2026-08-23: 330/862, falhas=0
[matchday_prewarm] 2026-08-23: 340/862, falhas=0
[matchday_prewarm] 2026-08-23: 350/862, falhas=0
[matchday_prewarm] 2026-08-23: 360/862, falhas=0
[matchday_prewarm] 2026-08-23: 370/862, falhas=0
[matchday_prewarm] 2026-08-23: 380/862, falhas=0
[matchday_prewarm] 2026-08-23: 390/862, falhas=0
[matchday_prewarm] 2026-08-23: 400/862, falhas=0
[matchday_prewarm] 2026-08-23: 410/862, falhas=0
[matchday_prewarm] 2026-08-23: 420/862, falhas=0
[matchday_prewarm] 2026-08-23: 430/862, falhas=0
[matchday_prewarm] 2026-08-23: 440/862, falhas=0
[matchday_prewarm] 2026-08-23: 450/862, falhas=0
[matchday_prewarm] 2026-08-23: 460/862, falhas=0
[matchday_prewarm] 2026-08-23: 470/862, falhas=0
[matchday_prewarm] 2026-08-23: 480/862, falhas=0
[matchday_prewarm] 2026-08-23: 490/862, falhas=0
[matchday_prewarm] 2026-08-23: 500/862, falhas=0
[matchday_prewarm] 2026-08-23: 510/862, falhas=0
[matchday_prewarm] 2026-08-23: 520/862, falhas=0
[matchday_prewarm] 2026-08-23: 530/862, falhas=0
[matchday_prewarm] 2026-08-23: 540/862, falhas=0
[matchday_prewarm] 2026-08-23: 550/862, falhas=0
[matchday_prewarm] 2026-08-23: 560/862, falhas=0
[matchday_prewarm] 2026-08-23: 570/862, falhas=0
[matchday_prewarm] 2026-08-23: 580/862, falhas=0
[matchday_prewarm] 2026-08-23: 590/862, falhas=0
[matchday_prewarm] 2026-08-23: 600/862, falhas=0
[matchday_prewarm] 2026-08-23: 610/862, falhas=0
[matchday_prewarm] 2026-08-23: 620/862, falhas=0
[matchday_prewarm] 2026-08-23: 630/862, falhas=0
[matchday_prewarm] 2026-08-23: 640/862, falhas=0
[matchday_prewarm] 2026-08-23: 650/862, falhas=0
[matchday_prewarm] 2026-08-23: 660/862, falhas=0
[matchday_prewarm] 2026-08-23: 670/862, falhas=0
[matchday_prewarm] 2026-08-23: 680/862, falhas=0
[matchday_prewarm] 2026-08-23: 690/862, falhas=0
[matchday_prewarm] 2026-08-23: 700/862, falhas=0
[matchday_prewarm] 2026-08-23: 710/862, falhas=0
[matchday_prewarm] 2026-08-23: 720/862, falhas=0
[matchday_prewarm] 2026-08-23: 730/862, falhas=0
[matchday_prewarm] 2026-08-23: 740/862, falhas=0
[matchday_prewarm] 2026-08-23: 750/862, falhas=0
[matchday_prewarm] 2026-08-23: 760/862, falhas=0
[matchday_prewarm] 2026-08-23: 770/862, falhas=0
[matchday_prewarm] 2026-08-23: 780/862, falhas=0
[matchday_prewarm] 2026-08-23: 790/862, falhas=0
[matchday_prewarm] 2026-08-23: 800/862, falhas=0
[matchday_prewarm] 2026-08-23: 810/862, falhas=0
[matchday_prewarm] 2026-08-23: 820/862, falhas=0
[matchday_prewarm] 2026-08-23: 830/862, falhas=0
[matchday_prewarm] 2026-08-23: 840/862, falhas=0
[matchday_prewarm] 2026-08-23: 850/862, falhas=0
[matchday_prewarm] 2026-08-23: 860/862, falhas=0
[matchday_prewarm] 2026-08-23: completo=True entradas=862/862 falhas=0
[matchday_prewarm] iniciando índice leve de 2026-08-24
[matchday_prewarm] 2026-08-24: completo=True entradas=0/0 falhas=0
[matchday_prewarm] iniciando índice leve de 2026-08-24
[scraper] Challenge liberado. Sessao persistente ativa.
[matchday_prewarm] 2026-08-24: 10/178, falhas=0
[matchday_prewarm] 2026-08-24: 20/178, falhas=0
[matchday_prewarm] 2026-08-24: 30/178, falhas=0
[matchday_prewarm] 2026-08-24: 40/178, falhas=0
[matchday_prewarm] 2026-08-24: 50/178, falhas=0
[matchday_prewarm] 2026-08-24: 60/178, falhas=0
[matchday_prewarm] 2026-08-24: 70/178, falhas=0
[matchday_prewarm] 2026-08-24: 80/178, falhas=0
[matchday_prewarm] 2026-08-24: 90/178, falhas=0
[matchday_prewarm] 2026-08-24: 100/178, falhas=0
[matchday_prewarm] 2026-08-24: 110/178, falhas=0
[matchday_prewarm] 2026-08-24: 120/178, falhas=0
[matchday_prewarm] 2026-08-24: 130/178, falhas=0
[matchday_prewarm] 2026-08-24: 140/178, falhas=0
[matchday_prewarm] 2026-08-24: 150/178, falhas=0
[matchday_prewarm] 2026-08-24: 160/178, falhas=0
[matchday_prewarm] 2026-08-24: 170/178, falhas=0
[matchday_prewarm] 2026-08-24: completo=True entradas=178/178 falhas=0
[matchday_prewarm] iniciando índice leve de 2026-08-25
[matchday_prewarm] 2026-08-25: completo=True entradas=0/0 falhas=0
[matchday_prewarm] iniciando índice leve de 2026-08-25
[scraper] Challenge liberado. Sessao persistente ativa.
[matchday_prewarm] 2026-08-25: 10/262, falhas=0
[matchday_prewarm] 2026-08-25: 20/262, falhas=0
[matchday_prewarm] 2026-08-25: 30/262, falhas=0
[matchday_prewarm] 2026-08-25: 40/262, falhas=0
[matchday_prewarm] 2026-08-25: 50/262, falhas=0
[matchday_prewarm] 2026-08-25: 60/262, falhas=0
[matchday_prewarm] 2026-08-25: 70/262, falhas=0
[matchday_prewarm] 2026-08-25: 80/262, falhas=0
[matchday_prewarm] 2026-08-25: 90/262, falhas=0
[matchday_prewarm] 2026-08-25: 100/262, falhas=0
[matchday_prewarm] 2026-08-25: 110/262, falhas=0
[matchday_prewarm] 2026-08-25: 120/262, falhas=0
[matchday_prewarm] 2026-08-25: 130/262, falhas=0
[matchday_prewarm] 2026-08-25: 140/262, falhas=0
[matchday_prewarm] 2026-08-25: 150/262, falhas=0
[matchday_prewarm] 2026-08-25: 160/262, falhas=0
[matchday_prewarm] 2026-08-25: 170/262, falhas=0
[matchday_prewarm] 2026-08-25: 180/262, falhas=0
[matchday_prewarm] 2026-08-25: 190/262, falhas=0
[matchday_prewarm] 2026-08-25: 200/262, falhas=0
[matchday_prewarm] 2026-08-25: 210/262, falhas=0
[matchday_prewarm] 2026-08-25: 220/262, falhas=0
[matchday_prewarm] 2026-08-25: 230/262, falhas=0
[matchday_prewarm] 2026-08-25: 240/262, falhas=0
[matchday_prewarm] 2026-08-25: 250/262, falhas=0
[matchday_prewarm] 2026-08-25: 260/262, falhas=0
[matchday_prewarm] 2026-08-25: completo=True entradas=262/262 falhas=0
[matchday_prewarm] iniciando índice leve de 2026-08-26
[matchday_prewarm] 2026-08-26: completo=True entradas=0/0 falhas=0
[matchday_prewarm] iniciando índice leve de 2026-08-26
[scraper] Challenge liberado. Sessao persistente ativa.
[matchday_prewarm] 2026-08-26: 10/404, falhas=0
[matchday_prewarm] 2026-08-26: 20/404, falhas=0
[matchday_prewarm] 2026-08-26: 30/404, falhas=0
[matchday_prewarm] 2026-08-26: 40/404, falhas=0
[matchday_prewarm] 2026-08-26: 50/404, falhas=0
[matchday_prewarm] 2026-08-26: 60/404, falhas=0
[matchday_prewarm] 2026-08-26: 70/404, falhas=0
[matchday_prewarm] 2026-08-26: 80/404, falhas=0
[matchday_prewarm] 2026-08-26: 90/404, falhas=0
[matchday_prewarm] 2026-08-26: 100/404, falhas=0
[matchday_prewarm] 2026-08-26: 110/404, falhas=0
[matchday_prewarm] 2026-08-26: 120/404, falhas=0
[matchday_prewarm] 2026-08-26: 130/404, falhas=0
[matchday_prewarm] 2026-08-26: 140/404, falhas=0
[matchday_prewarm] 2026-08-26: 150/404, falhas=0
[matchday_prewarm] 2026-08-26: 160/404, falhas=0
[matchday_prewarm] 2026-08-26: 170/404, falhas=0
[matchday_prewarm] 2026-08-26: 180/404, falhas=0
[matchday_prewarm] 2026-08-26: 190/404, falhas=0
[matchday_prewarm] 2026-08-26: 200/404, falhas=0
[matchday_prewarm] 2026-08-26: 210/404, falhas=0
[matchday_prewarm] 2026-08-26: 220/404, falhas=0
[matchday_prewarm] 2026-08-26: 230/404, falhas=0
[matchday_prewarm] 2026-08-26: 240/404, falhas=0
[matchday_prewarm] 2026-08-26: 250/404, falhas=0
[matchday_prewarm] 2026-08-26: 260/404, falhas=0
[matchday_prewarm] 2026-08-26: 270/404, falhas=0
[matchday_prewarm] 2026-08-26: 280/404, falhas=0
[matchday_prewarm] 2026-08-26: 290/404, falhas=0
[matchday_prewarm] 2026-08-26: 300/404, falhas=0
[matchday_prewarm] 2026-08-26: 310/404, falhas=0
[matchday_prewarm] 2026-08-26: 320/404, falhas=0
[matchday_prewarm] 2026-08-26: 330/404, falhas=0
[matchday_prewarm] 2026-08-26: 340/404, falhas=0
[matchday_prewarm] 2026-08-26: 350/404, falhas=0
[matchday_prewarm] 2026-08-26: 360/404, falhas=0
[matchday_prewarm] 2026-08-26: 370/404, falhas=0
[matchday_prewarm] 2026-08-26: 380/404, falhas=0
[matchday_prewarm] 2026-08-26: 390/404, falhas=0
[matchday_prewarm] 2026-08-26: 400/404, falhas=0
[matchday_prewarm] 2026-08-26: completo=True entradas=404/404 falhas=0
[matchday_prewarm] iniciando índice leve de 2026-08-27
[matchday_prewarm] 2026-08-27: completo=True entradas=0/0 falhas=0
[matchday_prewarm] iniciando índice leve de 2026-08-27
[scraper] Challenge liberado. Sessao persistente ativa.
[matchday_prewarm] 2026-08-27: 10/186, falhas=0
[matchday_prewarm] 2026-08-27: 20/186, falhas=0
[matchday_prewarm] 2026-08-27: 30/186, falhas=0
[matchday_prewarm] 2026-08-27: 40/186, falhas=0
[matchday_prewarm] 2026-08-27: 50/186, falhas=0
[matchday_prewarm] 2026-08-27: 60/186, falhas=0
[matchday_prewarm] 2026-08-27: 70/186, falhas=0
[matchday_prewarm] 2026-08-27: 80/186, falhas=0
[matchday_prewarm] 2026-08-27: 90/186, falhas=0
[matchday_prewarm] 2026-08-27: 100/186, falhas=0
[matchday_prewarm] 2026-08-27: 110/186, falhas=0
[matchday_prewarm] 2026-08-27: 120/186, falhas=0
[matchday_prewarm] 2026-08-27: 130/186, falhas=0
[matchday_prewarm] 2026-08-27: 140/186, falhas=0
[matchday_prewarm] 2026-08-27: 150/186, falhas=0
[matchday_prewarm] 2026-08-27: 160/186, falhas=0
[matchday_prewarm] 2026-08-27: 170/186, falhas=0
[matchday_prewarm] 2026-08-27: 180/186, falhas=0
[matchday_prewarm] 2026-08-27: completo=True entradas=186/186 falhas=0
[matchday_prewarm] iniciando índice leve de 2026-08-28
[matchday_prewarm] 2026-08-28: completo=True entradas=0/0 falhas=0
[matchday_prewarm] iniciando índice leve de 2026-08-28
[scraper] Challenge liberado. Sessao persistente ativa.
[matchday_prewarm] 2026-08-28: 10/532, falhas=0
[matchday_prewarm] 2026-08-28: 20/532, falhas=0
[matchday_prewarm] 2026-08-28: 30/532, falhas=0
[matchday_prewarm] 2026-08-28: 40/532, falhas=0
[matchday_prewarm] 2026-08-28: 50/532, falhas=0
[matchday_prewarm] 2026-08-28: 60/532, falhas=0
[matchday_prewarm] 2026-08-28: 70/532, falhas=0
[matchday_prewarm] 2026-08-28: 80/532, falhas=0
[matchday_prewarm] 2026-08-28: 90/532, falhas=0
[matchday_prewarm] 2026-08-28: 100/532, falhas=0
[matchday_prewarm] 2026-08-28: 110/532, falhas=0
[matchday_prewarm] 2026-08-28: 120/532, falhas=0
[matchday_prewarm] 2026-08-28: 130/532, falhas=0
[matchday_prewarm] 2026-08-28: 140/532, falhas=0
[matchday_prewarm] 2026-08-28: 150/532, falhas=0
[matchday_prewarm] 2026-08-28: 160/532, falhas=0
[matchday_prewarm] 2026-08-28: 170/532, falhas=0
[matchday_prewarm] 2026-08-28: 180/532, falhas=0
[matchday_prewarm] 2026-08-28: 190/532, falhas=0
[matchday_prewarm] 2026-08-28: 200/532, falhas=0
[matchday_prewarm] 2026-08-28: 210/532, falhas=0
[matchday_prewarm] 2026-08-28: 220/532, falhas=0
[matchday_prewarm] 2026-08-28: 230/532, falhas=0
[matchday_prewarm] 2026-08-28: 240/532, falhas=0
[matchday_prewarm] 2026-08-28: 250/532, falhas=0
[matchday_prewarm] 2026-08-28: 260/532, falhas=0
[matchday_prewarm] 2026-08-28: 270/532, falhas=0
[matchday_prewarm] 2026-08-28: 280/532, falhas=0
[matchday_prewarm] 2026-08-28: 290/532, falhas=0
[matchday_prewarm] 2026-08-28: 300/532, falhas=0
[matchday_prewarm] 2026-08-28: 310/532, falhas=0
[matchday_prewarm] 2026-08-28: 320/532, falhas=0
[matchday_prewarm] 2026-08-28: 330/532, falhas=0
[matchday_prewarm] 2026-08-28: 340/532, falhas=0
[matchday_prewarm] 2026-08-28: 350/532, falhas=0
[matchday_prewarm] 2026-08-28: 360/532, falhas=0
[matchday_prewarm] 2026-08-28: 370/532, falhas=0
[matchday_prewarm] 2026-08-28: 380/532, falhas=0
[matchday_prewarm] 2026-08-28: 390/532, falhas=0
[matchday_prewarm] 2026-08-28: 400/532, falhas=0
[matchday_prewarm] 2026-08-28: 410/532, falhas=0
[matchday_prewarm] 2026-08-28: 420/532, falhas=0
[matchday_prewarm] 2026-08-28: 430/532, falhas=0
[matchday_prewarm] 2026-08-28: 440/532, falhas=0
[matchday_prewarm] 2026-08-28: 450/532, falhas=0
[matchday_prewarm] 2026-08-28: 460/532, falhas=0
[matchday_prewarm] 2026-08-28: 470/532, falhas=0
[matchday_prewarm] 2026-08-28: 480/532, falhas=0
[matchday_prewarm] 2026-08-28: 490/532, falhas=0
[matchday_prewarm] 2026-08-28: 500/532, falhas=0
[matchday_prewarm] 2026-08-28: 510/532, falhas=0
[matchday_prewarm] 2026-08-28: 520/532, falhas=0
[matchday_prewarm] 2026-08-28: 530/532, falhas=0
[matchday_prewarm] 2026-08-28: completo=True entradas=532/532 falhas=0
[matchday_prewarm] iniciando índice leve de 2026-08-29
[matchday_prewarm] 2026-08-29: 10/62, falhas=0
[matchday_prewarm] 2026-08-29: 20/62, falhas=0
[matchday_prewarm] 2026-08-29: 30/62, falhas=0
[matchday_prewarm] 2026-08-29: 40/62, falhas=0
[matchday_prewarm] 2026-08-29: 50/62, falhas=0
[matchday_prewarm] 2026-08-29: 60/62, falhas=0
[matchday_prewarm] 2026-08-29: completo=True entradas=62/62 falhas=0
[matchday_prewarm] iniciando índice leve de 2026-08-29
[scraper] Challenge liberado. Sessao persistente ativa.
[matchday_prewarm] 2026-08-29: 10/1471, falhas=0
[matchday_prewarm] 2026-08-29: 20/1471, falhas=0
[matchday_prewarm] 2026-08-29: 30/1471, falhas=0
[matchday_prewarm] 2026-08-29: 40/1471, falhas=0
[matchday_prewarm] 2026-08-29: 50/1471, falhas=0
[matchday_prewarm] 2026-08-29: 60/1471, falhas=0
[matchday_prewarm] 2026-08-29: 70/1471, falhas=0
[matchday_prewarm] 2026-08-29: 80/1471, falhas=0
[matchday_prewarm] 2026-08-29: 90/1471, falhas=0
[matchday_prewarm] 2026-08-29: 100/1471, falhas=0
[matchday_prewarm] 2026-08-29: 110/1471, falhas=0
[matchday_prewarm] 2026-08-29: 120/1471, falhas=0
[matchday_prewarm] 2026-08-29: 130/1471, falhas=0
[matchday_prewarm] 2026-08-29: 140/1471, falhas=0
[matchday_prewarm] 2026-08-29: 150/1471, falhas=0
[matchday_prewarm] 2026-08-29: 160/1471, falhas=0
[matchday_prewarm] 2026-08-29: 170/1471, falhas=0
[matchday_prewarm] 2026-08-29: 180/1471, falhas=0
[matchday_prewarm] 2026-08-29: 190/1471, falhas=0
[matchday_prewarm] 2026-08-29: 200/1471, falhas=0
[matchday_prewarm] 2026-08-29: 210/1471, falhas=0
[matchday_prewarm] 2026-08-29: 220/1471, falhas=0
[matchday_prewarm] 2026-08-29: 230/1471, falhas=0
[matchday_prewarm] 2026-08-29: 240/1471, falhas=0
[matchday_prewarm] 2026-08-29: 250/1471, falhas=0
[matchday_prewarm] 2026-08-29: 260/1471, falhas=0
[matchday_prewarm] 2026-08-29: 270/1471, falhas=0
[matchday_prewarm] 2026-08-29: 280/1471, falhas=0
[matchday_prewarm] 2026-08-29: 290/1471, falhas=0
[matchday_prewarm] 2026-08-29: 300/1471, falhas=0
[matchday_prewarm] 2026-08-29: 310/1471, falhas=0
[matchday_prewarm] 2026-08-29: 320/1471, falhas=0
[matchday_prewarm] 2026-08-29: 330/1471, falhas=0
[matchday_prewarm] 2026-08-29: 340/1471, falhas=0
[matchday_prewarm] 2026-08-29: 350/1471, falhas=0
[matchday_prewarm] 2026-08-29: 360/1471, falhas=0
[matchday_prewarm] 2026-08-29: 370/1471, falhas=0
[matchday_prewarm] 2026-08-29: 380/1471, falhas=0
[matchday_prewarm] 2026-08-29: 390/1471, falhas=0
[matchday_prewarm] 2026-08-29: 400/1471, falhas=0
[matchday_prewarm] 2026-08-29: 410/1471, falhas=0
[matchday_prewarm] 2026-08-29: 420/1471, falhas=0
[matchday_prewarm] 2026-08-29: 430/1471, falhas=0
[matchday_prewarm] 2026-08-29: 440/1471, falhas=0
[matchday_prewarm] 2026-08-29: 450/1471, falhas=0
[matchday_prewarm] 2026-08-29: 460/1471, falhas=0
[matchday_prewarm] 2026-08-29: 470/1471, falhas=0
[matchday_prewarm] 2026-08-29: 480/1471, falhas=0
[matchday_prewarm] 2026-08-29: 490/1471, falhas=0
[matchday_prewarm] 2026-08-29: 500/1471, falhas=0
[matchday_prewarm] 2026-08-29: 510/1471, falhas=0
[matchday_prewarm] 2026-08-29: 520/1471, falhas=0
[matchday_prewarm] 2026-08-29: 530/1471, falhas=0
[matchday_prewarm] 2026-08-29: 540/1471, falhas=0
[matchday_prewarm] 2026-08-29: 550/1471, falhas=0
[matchday_prewarm] 2026-08-29: 560/1471, falhas=0
[matchday_prewarm] 2026-08-29: 570/1471, falhas=0
[matchday_prewarm] 2026-08-29: 580/1471, falhas=0
[matchday_prewarm] 2026-08-29: 590/1471, falhas=0
[matchday_prewarm] 2026-08-29: 600/1471, falhas=0
[matchday_prewarm] 2026-08-29: 610/1471, falhas=0
[matchday_prewarm] 2026-08-29: 620/1471, falhas=0
[matchday_prewarm] 2026-08-29: 630/1471, falhas=0
[matchday_prewarm] 2026-08-29: 640/1471, falhas=0
[matchday_prewarm] 2026-08-29: 650/1471, falhas=0
[matchday_prewarm] 2026-08-29: 660/1471, falhas=0
[matchday_prewarm] 2026-08-29: 670/1471, falhas=0
[matchday_prewarm] 2026-08-29: 680/1471, falhas=0
[matchday_prewarm] 2026-08-29: 690/1471, falhas=0
[matchday_prewarm] 2026-08-29: 700/1471, falhas=0
[matchday_prewarm] 2026-08-29: 710/1471, falhas=0
[matchday_prewarm] 2026-08-29: 720/1471, falhas=0
[matchday_prewarm] 2026-08-29: 730/1471, falhas=0
[matchday_prewarm] 2026-08-29: 740/1471, falhas=0
[matchday_prewarm] 2026-08-29: 750/1471, falhas=0
[matchday_prewarm] 2026-08-29: 760/1471, falhas=0
[matchday_prewarm] 2026-08-29: 770/1471, falhas=0
[matchday_prewarm] 2026-08-29: 780/1471, falhas=0
[matchday_prewarm] 2026-08-29: 790/1471, falhas=0
[matchday_prewarm] 2026-08-29: 800/1471, falhas=0
[matchday_prewarm] 2026-08-29: 810/1471, falhas=0
[matchday_prewarm] 2026-08-29: 820/1471, falhas=0
[matchday_prewarm] 2026-08-29: 830/1471, falhas=0
[matchday_prewarm] 2026-08-29: 840/1471, falhas=0
[matchday_prewarm] 2026-08-29: 850/1471, falhas=0
[matchday_prewarm] 2026-08-29: 860/1471, falhas=0
[matchday_prewarm] 2026-08-29: 870/1471, falhas=0
[matchday_prewarm] 2026-08-29: 880/1471, falhas=0
[matchday_prewarm] 2026-08-29: 890/1471, falhas=0
[matchday_prewarm] 2026-08-29: 900/1471, falhas=0
[matchday_prewarm] 2026-08-29: 910/1471, falhas=0
[matchday_prewarm] 2026-08-29: 920/1471, falhas=0
[matchday_prewarm] 2026-08-29: 930/1471, falhas=0
[matchday_prewarm] 2026-08-29: 940/1471, falhas=0
[matchday_prewarm] 2026-08-29: 950/1471, falhas=0
[matchday_prewarm] 2026-08-29: 960/1471, falhas=0
[matchday_prewarm] 2026-08-29: 970/1471, falhas=0
[matchday_prewarm] 2026-08-29: 980/1471, falhas=0
[matchday_prewarm] 2026-08-29: 990/1471, falhas=0
[matchday_prewarm] 2026-08-29: 1000/1471, falhas=0
[matchday_prewarm] 2026-08-29: 1010/1471, falhas=0
[matchday_prewarm] 2026-08-29: 1020/1471, falhas=0
[matchday_prewarm] 2026-08-29: 1030/1471, falhas=0
[matchday_prewarm] 2026-08-29: 1040/1471, falhas=0
[matchday_prewarm] 2026-08-29: 1050/1471, falhas=0
[matchday_prewarm] 2026-08-29: 1060/1471, falhas=0
[matchday_prewarm] 2026-08-29: 1070/1471, falhas=0
[matchday_prewarm] 2026-08-29: 1080/1471, falhas=0
[matchday_prewarm] 2026-08-29: 1090/1471, falhas=0
[matchday_prewarm] 2026-08-29: 1100/1471, falhas=0
[matchday_prewarm] 2026-08-29: 1110/1471, falhas=0
[matchday_prewarm] 2026-08-29: 1120/1471, falhas=0
[matchday_prewarm] 2026-08-29: 1130/1471, falhas=0
[matchday_prewarm] 2026-08-29: 1140/1471, falhas=0
[matchday_prewarm] 2026-08-29: 1150/1471, falhas=0
[matchday_prewarm] 2026-08-29: 1160/1471, falhas=0
[matchday_prewarm] 2026-08-29: 1170/1471, falhas=0
[matchday_prewarm] 2026-08-29: 1180/1471, falhas=0
[matchday_prewarm] 2026-08-29: 1190/1471, falhas=0
[matchday_prewarm] 2026-08-29: 1200/1471, falhas=0
[matchday_prewarm] 2026-08-29: 1210/1471, falhas=0
[matchday_prewarm] 2026-08-29: 1220/1471, falhas=0
[matchday_prewarm] 2026-08-29: 1230/1471, falhas=0
[matchday_prewarm] 2026-08-29: 1240/1471, falhas=0
[matchday_prewarm] 2026-08-29: 1250/1471, falhas=0
[matchday_prewarm] 2026-08-29: 1260/1471, falhas=0
[matchday_prewarm] 2026-08-29: 1270/1471, falhas=0
[matchday_prewarm] 2026-08-29: 1280/1471, falhas=0
[matchday_prewarm] 2026-08-29: 1290/1471, falhas=0
[matchday_prewarm] 2026-08-29: 1300/1471, falhas=0
[matchday_prewarm] 2026-08-29: 1310/1471, falhas=0
[matchday_prewarm] 2026-08-29: 1320/1471, falhas=0
[matchday_prewarm] 2026-08-29: 1330/1471, falhas=0
[matchday_prewarm] 2026-08-29: 1340/1471, falhas=0
[matchday_prewarm] 2026-08-29: 1350/1471, falhas=0
[matchday_prewarm] 2026-08-29: 1360/1471, falhas=0
[matchday_prewarm] 2026-08-29: 1370/1471, falhas=0
[matchday_prewarm] 2026-08-29: 1380/1471, falhas=0
[matchday_prewarm] 2026-08-29: 1390/1471, falhas=0
[matchday_prewarm] 2026-08-29: 1400/1471, falhas=0
[matchday_prewarm] 2026-08-29: 1410/1471, falhas=0
[matchday_prewarm] 2026-08-29: 1420/1471, falhas=0
[matchday_prewarm] 2026-08-29: 1430/1471, falhas=0
[matchday_prewarm] 2026-08-29: 1440/1471, falhas=0
[matchday_prewarm] 2026-08-29: 1450/1471, falhas=0
[matchday_prewarm] 2026-08-29: 1460/1471, falhas=0
[matchday_prewarm] 2026-08-29: 1470/1471, falhas=0
[matchday_prewarm] 2026-08-29: completo=True entradas=1471/1471 falhas=0
[matchday_prewarm] iniciando índice leve de 2026-08-30
[scraper] Cloudflare detectado. Tentando clicar no checkbox automaticamente...
[scraper] Challenge liberado. Sessao persistente ativa.
[matchday_prewarm] 2026-08-30: 10/46, falhas=0
[matchday_prewarm] 2026-08-30: 20/46, falhas=0
[matchday_prewarm] 2026-08-30: 30/46, falhas=0
[matchday_prewarm] 2026-08-30: 40/46, falhas=0
[matchday_prewarm] 2026-08-30: completo=True entradas=46/46 falhas=0
[matchday_prewarm] iniciando índice leve de 2026-08-30
[scraper] Challenge liberado. Sessao persistente ativa.
[matchday_prewarm] 2026-08-30: 10/1011, falhas=0
[matchday_prewarm] 2026-08-30: 20/1011, falhas=0
[matchday_prewarm] 2026-08-30: 30/1011, falhas=0
[matchday_prewarm] 2026-08-30: 40/1011, falhas=0
[matchday_prewarm] 2026-08-30: 50/1011, falhas=0
[matchday_prewarm] 2026-08-30: 60/1011, falhas=0
[matchday_prewarm] 2026-08-30: 70/1011, falhas=0
[matchday_prewarm] 2026-08-30: 80/1011, falhas=0
[matchday_prewarm] 2026-08-30: 90/1011, falhas=0
[matchday_prewarm] 2026-08-30: 100/1011, falhas=0
[matchday_prewarm] 2026-08-30: 110/1011, falhas=0
[matchday_prewarm] 2026-08-30: 120/1011, falhas=0
[matchday_prewarm] 2026-08-30: 130/1011, falhas=0
[matchday_prewarm] 2026-08-30: 140/1011, falhas=0
[matchday_prewarm] 2026-08-30: 150/1011, falhas=0
[matchday_prewarm] 2026-08-30: 160/1011, falhas=0
[matchday_prewarm] 2026-08-30: 170/1011, falhas=0
[matchday_prewarm] 2026-08-30: 180/1011, falhas=0
[matchday_prewarm] 2026-08-30: 190/1011, falhas=0
[matchday_prewarm] 2026-08-30: 200/1011, falhas=0
[matchday_prewarm] 2026-08-30: 210/1011, falhas=0
[matchday_prewarm] 2026-08-30: 220/1011, falhas=0
[matchday_prewarm] 2026-08-30: 230/1011, falhas=0
[matchday_prewarm] 2026-08-30: 240/1011, falhas=0
[matchday_prewarm] 2026-08-30: 250/1011, falhas=0
[matchday_prewarm] 2026-08-30: 260/1011, falhas=0
[matchday_prewarm] 2026-08-30: 270/1011, falhas=0
[matchday_prewarm] 2026-08-30: 280/1011, falhas=0
[matchday_prewarm] 2026-08-30: 290/1011, falhas=0
[matchday_prewarm] 2026-08-30: 300/1011, falhas=0
[matchday_prewarm] 2026-08-30: 310/1011, falhas=0
[matchday_prewarm] 2026-08-30: 320/1011, falhas=0
[matchday_prewarm] 2026-08-30: 330/1011, falhas=0
[matchday_prewarm] 2026-08-30: 340/1011, falhas=0
[matchday_prewarm] 2026-08-30: 350/1011, falhas=0
[matchday_prewarm] 2026-08-30: 360/1011, falhas=0
[matchday_prewarm] 2026-08-30: 370/1011, falhas=0
[matchday_prewarm] 2026-08-30: 380/1011, falhas=0
[matchday_prewarm] 2026-08-30: 390/1011, falhas=0
[matchday_prewarm] 2026-08-30: 400/1011, falhas=0
[matchday_prewarm] 2026-08-30: 410/1011, falhas=0
[matchday_prewarm] 2026-08-30: 420/1011, falhas=0
[matchday_prewarm] 2026-08-30: 430/1011, falhas=0
[matchday_prewarm] 2026-08-30: 440/1011, falhas=0
[matchday_prewarm] 2026-08-30: 450/1011, falhas=0
[matchday_prewarm] 2026-08-30: 460/1011, falhas=0
[matchday_prewarm] 2026-08-30: 470/1011, falhas=0
[matchday_prewarm] 2026-08-30: 480/1011, falhas=0
[matchday_prewarm] 2026-08-30: 490/1011, falhas=0
[matchday_prewarm] 2026-08-30: 500/1011, falhas=0
[matchday_prewarm] 2026-08-30: 510/1011, falhas=0
[matchday_prewarm] 2026-08-30: 520/1011, falhas=0
[matchday_prewarm] 2026-08-30: 530/1011, falhas=0
[matchday_prewarm] 2026-08-30: 540/1011, falhas=0
[matchday_prewarm] 2026-08-30: 550/1011, falhas=0
[matchday_prewarm] 2026-08-30: 560/1011, falhas=0
[matchday_prewarm] 2026-08-30: 570/1011, falhas=0
[matchday_prewarm] 2026-08-30: 580/1011, falhas=0
[matchday_prewarm] 2026-08-30: 590/1011, falhas=0
[matchday_prewarm] 2026-08-30: 600/1011, falhas=0
[matchday_prewarm] 2026-08-30: 610/1011, falhas=0
[matchday_prewarm] 2026-08-30: 620/1011, falhas=0
[matchday_prewarm] 2026-08-30: 630/1011, falhas=0
[matchday_prewarm] 2026-08-30: 640/1011, falhas=0
[matchday_prewarm] 2026-08-30: 650/1011, falhas=0
[matchday_prewarm] 2026-08-30: 660/1011, falhas=0
[matchday_prewarm] 2026-08-30: 670/1011, falhas=0
[matchday_prewarm] 2026-08-30: 680/1011, falhas=0
[matchday_prewarm] 2026-08-30: 690/1011, falhas=0
[matchday_prewarm] 2026-08-30: 700/1011, falhas=0
[matchday_prewarm] 2026-08-30: 710/1011, falhas=0
[matchday_prewarm] 2026-08-30: 720/1011, falhas=0
[matchday_prewarm] 2026-08-30: 730/1011, falhas=0
[matchday_prewarm] 2026-08-30: 740/1011, falhas=0
[matchday_prewarm] 2026-08-30: 750/1011, falhas=0
[matchday_prewarm] 2026-08-30: 760/1011, falhas=0
[matchday_prewarm] 2026-08-30: 770/1011, falhas=0
[matchday_prewarm] 2026-08-30: 780/1011, falhas=0
[matchday_prewarm] 2026-08-30: 790/1011, falhas=0
[matchday_prewarm] 2026-08-30: 800/1011, falhas=0
[matchday_prewarm] 2026-08-30: 810/1011, falhas=0
[matchday_prewarm] 2026-08-30: 820/1011, falhas=0
[matchday_prewarm] 2026-08-30: 830/1011, falhas=0
[matchday_prewarm] 2026-08-30: 840/1011, falhas=0
[matchday_prewarm] 2026-08-30: 850/1011, falhas=0
[matchday_prewarm] 2026-08-30: 860/1011, falhas=0
[matchday_prewarm] 2026-08-30: 870/1011, falhas=0
[matchday_prewarm] 2026-08-30: 880/1011, falhas=0
[matchday_prewarm] 2026-08-30: 890/1011, falhas=0
[matchday_prewarm] 2026-08-30: 900/1011, falhas=0
[matchday_prewarm] 2026-08-30: 910/1011, falhas=0
[matchday_prewarm] 2026-08-30: 920/1011, falhas=0
[matchday_prewarm] 2026-08-30: 930/1011, falhas=0
[matchday_prewarm] 2026-08-30: 940/1011, falhas=0
[matchday_prewarm] 2026-08-30: 950/1011, falhas=0
[matchday_prewarm] 2026-08-30: 960/1011, falhas=0
[matchday_prewarm] 2026-08-30: 970/1011, falhas=0
[matchday_prewarm] 2026-08-30: 980/1011, falhas=0
[matchday_prewarm] 2026-08-30: 990/1011, falhas=0
[matchday_prewarm] 2026-08-30: 1000/1011, falhas=0
[matchday_prewarm] 2026-08-30: 1010/1011, falhas=0
[matchday_prewarm] 2026-08-30: completo=True entradas=1011/1011 falhas=0
[matchday_prewarm] iniciando índice leve de 2026-08-31
[matchday_prewarm] 2026-08-31: completo=True entradas=0/0 falhas=0
[matchday_prewarm] iniciando índice leve de 2026-08-31
[matchday_prewarm] 2026-08-31: 10/315, falhas=0
[matchday_prewarm] 2026-08-31: 20/315, falhas=0
[matchday_prewarm] 2026-08-31: 30/315, falhas=0
[matchday_prewarm] 2026-08-31: 40/315, falhas=0
[matchday_prewarm] 2026-08-31: 50/315, falhas=0
[matchday_prewarm] 2026-08-31: 60/315, falhas=0
[matchday_prewarm] 2026-08-31: 70/315, falhas=0
[matchday_prewarm] 2026-08-31: 80/315, falhas=0
[matchday_prewarm] 2026-08-31: 90/315, falhas=0
[matchday_prewarm] 2026-08-31: 100/315, falhas=0
[matchday_prewarm] 2026-08-31: 110/315, falhas=0
[matchday_prewarm] 2026-08-31: 120/315, falhas=0
[matchday_prewarm] 2026-08-31: 130/315, falhas=0
[matchday_prewarm] 2026-08-31: 140/315, falhas=0
[matchday_prewarm] 2026-08-31: 150/315, falhas=0
[matchday_prewarm] 2026-08-31: 160/315, falhas=0
[matchday_prewarm] 2026-08-31: 170/315, falhas=0
[matchday_prewarm] 2026-08-31: 180/315, falhas=0
[matchday_prewarm] 2026-08-31: 190/315, falhas=0
[matchday_prewarm] 2026-08-31: 200/315, falhas=0
[matchday_prewarm] 2026-08-31: 210/315, falhas=0
[matchday_prewarm] 2026-08-31: 220/315, falhas=0
[matchday_prewarm] 2026-08-31: 230/315, falhas=0
[matchday_prewarm] 2026-08-31: 240/315, falhas=0
[matchday_prewarm] 2026-08-31: 250/315, falhas=0
[matchday_prewarm] 2026-08-31: 260/315, falhas=0
[matchday_prewarm] 2026-08-31: 270/315, falhas=0
[matchday_prewarm] 2026-08-31: 280/315, falhas=0
[matchday_prewarm] 2026-08-31: 290/315, falhas=0
[matchday_prewarm] 2026-08-31: 300/315, falhas=0
[matchday_prewarm] 2026-08-31: 310/315, falhas=0
[matchday_prewarm] 2026-08-31: completo=True entradas=315/315 falhas=0
[matchday_prewarm] iniciando índice leve de 2026-09-01
[matchday_prewarm] 2026-09-01: completo=True entradas=1/1 falhas=0
[matchday_prewarm] iniciando índice leve de 2026-09-01
[scraper] Challenge liberado. Sessao persistente ativa.
[matchday_prewarm] 2026-09-01: 10/231, falhas=0
[matchday_prewarm] 2026-09-01: 20/231, falhas=0
[matchday_prewarm] 2026-09-01: 30/231, falhas=0
[matchday_prewarm] 2026-09-01: 40/231, falhas=0
[matchday_prewarm] 2026-09-01: 50/231, falhas=0
[matchday_prewarm] 2026-09-01: 60/231, falhas=0
[matchday_prewarm] 2026-09-01: 70/231, falhas=0
[matchday_prewarm] 2026-09-01: 80/231, falhas=0
[matchday_prewarm] 2026-09-01: 90/231, falhas=0
[matchday_prewarm] 2026-09-01: 100/231, falhas=0
[matchday_prewarm] 2026-09-01: 110/231, falhas=0
[matchday_prewarm] 2026-09-01: 120/231, falhas=0
[matchday_prewarm] 2026-09-01: 130/231, falhas=0
[matchday_prewarm] 2026-09-01: 140/231, falhas=0
[matchday_prewarm] 2026-09-01: 150/231, falhas=0
[matchday_prewarm] 2026-09-01: 160/231, falhas=0
[matchday_prewarm] 2026-09-01: 170/231, falhas=0
[matchday_prewarm] 2026-09-01: 180/231, falhas=0
[matchday_prewarm] 2026-09-01: 190/231, falhas=0
[matchday_prewarm] 2026-09-01: 200/231, falhas=0
[matchday_prewarm] 2026-09-01: 210/231, falhas=0
[matchday_prewarm] 2026-09-01: 220/231, falhas=0
[matchday_prewarm] 2026-09-01: 230/231, falhas=0
[matchday_prewarm] 2026-09-01: completo=True entradas=231/231 falhas=0
[matchday_prewarm] iniciando índice leve de 2026-09-02
[matchday_prewarm] 2026-09-02: completo=True entradas=0/0 falhas=0
[matchday_prewarm] iniciando índice leve de 2026-09-02
[scraper] Challenge liberado. Sessao persistente ativa.
[matchday_prewarm] 2026-09-02: completo=True entradas=0/0 falhas=0
[matchday_prewarm] iniciando índice leve de 2026-09-03
[matchday_prewarm] 2026-09-03: 10/156, falhas=0
[matchday_prewarm] 2026-09-03: 20/156, falhas=0
[matchday_prewarm] 2026-09-03: 30/156, falhas=0
[matchday_prewarm] 2026-09-03: 40/156, falhas=0
[matchday_prewarm] 2026-09-03: 50/156, falhas=0
[matchday_prewarm] 2026-09-03: 60/156, falhas=0
[matchday_prewarm] 2026-09-03: 70/156, falhas=0
[matchday_prewarm] 2026-09-03: 80/156, falhas=0
[matchday_prewarm] 2026-09-03: 90/156, falhas=0
[matchday_prewarm] 2026-09-03: 100/156, falhas=0
[matchday_prewarm] 2026-09-03: 110/156, falhas=0
[matchday_prewarm] 2026-09-03: 120/156, falhas=0
[matchday_prewarm] 2026-09-03: 130/156, falhas=0
[matchday_prewarm] 2026-09-03: 140/156, falhas=0
[matchday_prewarm] 2026-09-03: 150/156, falhas=0
[matchday_prewarm] 2026-09-03: completo=True entradas=156/156 falhas=0
[matchday_prewarm] iniciando índice leve de 2026-09-03
[scraper] Challenge liberado. Sessao persistente ativa.
[matchday_prewarm] 2026-09-03: 10/159, falhas=0
[matchday_prewarm] 2026-09-03: 20/159, falhas=0
[matchday_prewarm] 2026-09-03: 30/159, falhas=0
[matchday_prewarm] 2026-09-03: 40/159, falhas=0
[matchday_prewarm] 2026-09-03: 50/159, falhas=0
[matchday_prewarm] 2026-09-03: 60/159, falhas=0
[matchday_prewarm] 2026-09-03: 70/159, falhas=0
[matchday_prewarm] 2026-09-03: 80/159, falhas=0
[matchday_prewarm] 2026-09-03: 90/159, falhas=0
[matchday_prewarm] 2026-09-03: 100/159, falhas=0
[matchday_prewarm] 2026-09-03: 110/159, falhas=0
[matchday_prewarm] 2026-09-03: 120/159, falhas=0
[matchday_prewarm] 2026-09-03: 130/159, falhas=0
[matchday_prewarm] 2026-09-03: 140/159, falhas=0
[matchday_prewarm] 2026-09-03: 150/159, falhas=0
[matchday_prewarm] 2026-09-03: completo=True entradas=159/159 falhas=0
[matchday_prewarm] iniciando índice leve de 2026-09-04
[matchday_prewarm] 2026-09-04: 10/525, falhas=0
[matchday_prewarm] 2026-09-04: 20/525, falhas=0
[matchday_prewarm] 2026-09-04: 30/525, falhas=0
[matchday_prewarm] 2026-09-04: 40/525, falhas=0
[matchday_prewarm] 2026-09-04: 50/525, falhas=0
[matchday_prewarm] 2026-09-04: 60/525, falhas=0
[matchday_prewarm] 2026-09-04: 70/525, falhas=0
[matchday_prewarm] 2026-09-04: 80/525, falhas=0
[matchday_prewarm] 2026-09-04: 90/525, falhas=0
[matchday_prewarm] 2026-09-04: 100/525, falhas=0
[matchday_prewarm] 2026-09-04: 110/525, falhas=0
[matchday_prewarm] 2026-09-04: 120/525, falhas=0
[matchday_prewarm] 2026-09-04: 130/525, falhas=0
[matchday_prewarm] 2026-09-04: 140/525, falhas=0
[matchday_prewarm] 2026-09-04: 150/525, falhas=0
[matchday_prewarm] 2026-09-04: 160/525, falhas=0
[matchday_prewarm] 2026-09-04: 170/525, falhas=0
[matchday_prewarm] 2026-09-04: 180/525, falhas=0
[matchday_prewarm] 2026-09-04: 190/525, falhas=0
[matchday_prewarm] 2026-09-04: 200/525, falhas=0
[matchday_prewarm] 2026-09-04: 210/525, falhas=0
[matchday_prewarm] 2026-09-04: 220/525, falhas=0
[matchday_prewarm] 2026-09-04: 230/525, falhas=0
[matchday_prewarm] 2026-09-04: 240/525, falhas=0
[matchday_prewarm] 2026-09-04: 250/525, falhas=0
[matchday_prewarm] 2026-09-04: 260/525, falhas=0
[matchday_prewarm] 2026-09-04: 270/525, falhas=0
[matchday_prewarm] 2026-09-04: 280/525, falhas=0
[matchday_prewarm] 2026-09-04: 290/525, falhas=0
[matchday_prewarm] 2026-09-04: 300/525, falhas=0
[matchday_prewarm] 2026-09-04: 310/525, falhas=0
[matchday_prewarm] 2026-09-04: 320/525, falhas=0
[matchday_prewarm] 2026-09-04: 330/525, falhas=0
[matchday_prewarm] 2026-09-04: 340/525, falhas=0
[matchday_prewarm] 2026-09-04: 350/525, falhas=0
[matchday_prewarm] 2026-09-04: 360/525, falhas=0
[matchday_prewarm] 2026-09-04: 370/525, falhas=0
[matchday_prewarm] 2026-09-04: 380/525, falhas=0
[matchday_prewarm] 2026-09-04: 390/525, falhas=0
[matchday_prewarm] 2026-09-04: 400/525, falhas=0
[matchday_prewarm] 2026-09-04: 410/525, falhas=0
[matchday_prewarm] 2026-09-04: 420/525, falhas=0
[matchday_prewarm] 2026-09-04: 430/525, falhas=0
[matchday_prewarm] 2026-09-04: 440/525, falhas=0
[matchday_prewarm] 2026-09-04: 450/525, falhas=0
[matchday_prewarm] 2026-09-04: 460/525, falhas=0
[matchday_prewarm] 2026-09-04: 470/525, falhas=0
[matchday_prewarm] 2026-09-04: 480/525, falhas=0
[matchday_prewarm] 2026-09-04: 490/525, falhas=0
[matchday_prewarm] 2026-09-04: 500/525, falhas=0
[matchday_prewarm] 2026-09-04: 510/525, falhas=0
[matchday_prewarm] 2026-09-04: 520/525, falhas=0
[matchday_prewarm] 2026-09-04: completo=True entradas=525/525 falhas=0
[matchday_prewarm] iniciando índice leve de 2026-09-04
[scraper] Challenge liberado. Sessao persistente ativa.
[matchday_prewarm] 2026-09-04: 10/575, falhas=0
[matchday_prewarm] 2026-09-04: 20/575, falhas=0
[matchday_prewarm] 2026-09-04: 30/575, falhas=0
[matchday_prewarm] 2026-09-04: 40/575, falhas=0
[matchday_prewarm] 2026-09-04: 50/575, falhas=0
[matchday_prewarm] 2026-09-04: 60/575, falhas=0
[matchday_prewarm] 2026-09-04: 70/575, falhas=0
[matchday_prewarm] 2026-09-04: 80/575, falhas=0
[matchday_prewarm] 2026-09-04: 90/575, falhas=0
[matchday_prewarm] 2026-09-04: 100/575, falhas=0
[matchday_prewarm] 2026-09-04: 110/575, falhas=0
[matchday_prewarm] 2026-09-04: 120/575, falhas=0
[matchday_prewarm] 2026-09-04: 130/575, falhas=0
[matchday_prewarm] 2026-09-04: 140/575, falhas=0
[matchday_prewarm] 2026-09-04: 150/575, falhas=0
[matchday_prewarm] 2026-09-04: 160/575, falhas=0
[matchday_prewarm] 2026-09-04: 170/575, falhas=0
[matchday_prewarm] 2026-09-04: 180/575, falhas=0
[matchday_prewarm] 2026-09-04: 190/575, falhas=0
[matchday_prewarm] 2026-09-04: 200/575, falhas=0
[matchday_prewarm] 2026-09-04: 210/575, falhas=0
[matchday_prewarm] 2026-09-04: 220/575, falhas=0
[matchday_prewarm] 2026-09-04: 230/575, falhas=0
[matchday_prewarm] 2026-09-04: 240/575, falhas=0
[matchday_prewarm] 2026-09-04: 250/575, falhas=0
[matchday_prewarm] 2026-09-04: 260/575, falhas=0
[matchday_prewarm] 2026-09-04: 270/575, falhas=0
[matchday_prewarm] 2026-09-04: 280/575, falhas=0
[matchday_prewarm] 2026-09-04: 290/575, falhas=0
[matchday_prewarm] 2026-09-04: 300/575, falhas=0
[matchday_prewarm] 2026-09-04: 310/575, falhas=0
[matchday_prewarm] 2026-09-04: 320/575, falhas=0
[matchday_prewarm] 2026-09-04: 330/575, falhas=0
[matchday_prewarm] 2026-09-04: 340/575, falhas=0
[matchday_prewarm] 2026-09-04: 350/575, falhas=0
[matchday_prewarm] 2026-09-04: 360/575, falhas=0
[matchday_prewarm] 2026-09-04: 370/575, falhas=0
[matchday_prewarm] 2026-09-04: 380/575, falhas=0
[matchday_prewarm] 2026-09-04: 390/575, falhas=0
[matchday_prewarm] 2026-09-04: 400/575, falhas=0
[matchday_prewarm] 2026-09-04: 410/575, falhas=0
[matchday_prewarm] 2026-09-04: 420/575, falhas=0
[matchday_prewarm] 2026-09-04: 430/575, falhas=0
[matchday_prewarm] 2026-09-04: 440/575, falhas=0
[matchday_prewarm] 2026-09-04: 450/575, falhas=0
[matchday_prewarm] 2026-09-04: 460/575, falhas=0
[matchday_prewarm] 2026-09-04: 470/575, falhas=0
[matchday_prewarm] 2026-09-04: 480/575, falhas=0
[matchday_prewarm] 2026-09-04: 490/575, falhas=0
[matchday_prewarm] 2026-09-04: 500/575, falhas=0
[matchday_prewarm] 2026-09-04: 510/575, falhas=0
[matchday_prewarm] 2026-09-04: 520/575, falhas=0
[matchday_prewarm] 2026-09-04: 530/575, falhas=0
[matchday_prewarm] 2026-09-04: 540/575, falhas=0
[matchday_prewarm] 2026-09-04: 550/575, falhas=0
[matchday_prewarm] 2026-09-04: 560/575, falhas=0
[matchday_prewarm] 2026-09-04: 570/575, falhas=0
[matchday_prewarm] 2026-09-04: completo=True entradas=575/575 falhas=0
[matchday_prewarm] iniciando índice leve de 2026-09-05
[matchday_prewarm] 2026-09-05: 10/1618, falhas=0
[matchday_prewarm] 2026-09-05: 20/1618, falhas=0
[matchday_prewarm] 2026-09-05: 30/1618, falhas=0
[matchday_prewarm] 2026-09-05: 40/1618, falhas=0
[matchday_prewarm] 2026-09-05: 50/1618, falhas=0
[matchday_prewarm] 2026-09-05: 60/1618, falhas=0
[matchday_prewarm] 2026-09-05: 70/1618, falhas=0
[matchday_prewarm] 2026-09-05: 80/1618, falhas=0
[matchday_prewarm] 2026-09-05: 90/1618, falhas=0
[matchday_prewarm] 2026-09-05: 100/1618, falhas=0
[matchday_prewarm] 2026-09-05: 110/1618, falhas=0
[matchday_prewarm] 2026-09-05: 120/1618, falhas=0
[matchday_prewarm] 2026-09-05: 130/1618, falhas=0
[matchday_prewarm] 2026-09-05: 140/1618, falhas=0
[matchday_prewarm] 2026-09-05: 150/1618, falhas=0
[matchday_prewarm] 2026-09-05: 160/1618, falhas=0
[matchday_prewarm] 2026-09-05: 170/1618, falhas=0
[matchday_prewarm] 2026-09-05: 180/1618, falhas=0
[matchday_prewarm] 2026-09-05: 190/1618, falhas=0
[matchday_prewarm] 2026-09-05: 200/1618, falhas=0
[matchday_prewarm] 2026-09-05: 210/1618, falhas=0
[matchday_prewarm] 2026-09-05: 220/1618, falhas=0
[matchday_prewarm] 2026-09-05: 230/1618, falhas=0
[matchday_prewarm] 2026-09-05: 240/1618, falhas=0
[matchday_prewarm] 2026-09-05: 250/1618, falhas=0
[matchday_prewarm] 2026-09-05: 260/1618, falhas=0
[matchday_prewarm] 2026-09-05: 270/1618, falhas=0
[matchday_prewarm] 2026-09-05: 280/1618, falhas=0
[matchday_prewarm] 2026-09-05: 290/1618, falhas=0
[matchday_prewarm] 2026-09-05: 300/1618, falhas=0
[matchday_prewarm] 2026-09-05: 310/1618, falhas=0
[matchday_prewarm] 2026-09-05: 320/1618, falhas=0
[matchday_prewarm] 2026-09-05: 330/1618, falhas=0
[matchday_prewarm] 2026-09-05: 340/1618, falhas=0
[matchday_prewarm] 2026-09-05: 350/1618, falhas=0
[matchday_prewarm] 2026-09-05: 360/1618, falhas=0
[matchday_prewarm] 2026-09-05: 370/1618, falhas=0
[matchday_prewarm] 2026-09-05: 380/1618, falhas=0
[matchday_prewarm] 2026-09-05: 390/1618, falhas=0
[matchday_prewarm] 2026-09-05: 400/1618, falhas=0
[matchday_prewarm] 2026-09-05: 410/1618, falhas=0
[matchday_prewarm] 2026-09-05: 420/1618, falhas=0
[matchday_prewarm] 2026-09-05: 430/1618, falhas=0
[matchday_prewarm] 2026-09-05: 440/1618, falhas=0
[matchday_prewarm] 2026-09-05: 450/1618, falhas=0
[matchday_prewarm] 2026-09-05: 460/1618, falhas=0
[matchday_prewarm] 2026-09-05: 470/1618, falhas=0
[matchday_prewarm] 2026-09-05: 480/1618, falhas=0
[matchday_prewarm] 2026-09-05: 490/1618, falhas=0
[matchday_prewarm] 2026-09-05: 500/1618, falhas=0
[matchday_prewarm] 2026-09-05: 510/1618, falhas=0
[matchday_prewarm] 2026-09-05: 520/1618, falhas=0
[matchday_prewarm] 2026-09-05: 530/1618, falhas=0
[matchday_prewarm] 2026-09-05: 540/1618, falhas=0
[matchday_prewarm] 2026-09-05: 550/1618, falhas=0
[matchday_prewarm] 2026-09-05: 560/1618, falhas=0
[matchday_prewarm] 2026-09-05: 570/1618, falhas=0
[matchday_prewarm] 2026-09-05: 580/1618, falhas=0
[matchday_prewarm] 2026-09-05: 590/1618, falhas=0
[matchday_prewarm] 2026-09-05: 600/1618, falhas=0
[matchday_prewarm] 2026-09-05: 610/1618, falhas=0
[matchday_prewarm] 2026-09-05: 620/1618, falhas=0
[matchday_prewarm] 2026-09-05: 630/1618, falhas=0
[matchday_prewarm] 2026-09-05: 640/1618, falhas=0
[matchday_prewarm] 2026-09-05: 650/1618, falhas=0
[matchday_prewarm] 2026-09-05: 660/1618, falhas=0
[matchday_prewarm] 2026-09-05: 670/1618, falhas=0
[matchday_prewarm] 2026-09-05: 680/1618, falhas=0
[matchday_prewarm] 2026-09-05: 690/1618, falhas=0
[matchday_prewarm] 2026-09-05: 700/1618, falhas=0
[matchday_prewarm] 2026-09-05: 710/1618, falhas=0
[matchday_prewarm] 2026-09-05: 720/1618, falhas=0
[matchday_prewarm] 2026-09-05: 730/1618, falhas=0
[matchday_prewarm] 2026-09-05: 740/1618, falhas=0
[matchday_prewarm] 2026-09-05: 750/1618, falhas=0
[matchday_prewarm] 2026-09-05: 760/1618, falhas=0
[matchday_prewarm] 2026-09-05: 770/1618, falhas=0
[matchday_prewarm] 2026-09-05: 780/1618, falhas=0
[matchday_prewarm] 2026-09-05: 790/1618, falhas=0
[matchday_prewarm] 2026-09-05: 800/1618, falhas=0
[matchday_prewarm] 2026-09-05: 810/1618, falhas=0
[matchday_prewarm] 2026-09-05: 820/1618, falhas=0
[matchday_prewarm] 2026-09-05: 830/1618, falhas=0
[matchday_prewarm] 2026-09-05: 840/1618, falhas=0
[matchday_prewarm] 2026-09-05: 850/1618, falhas=0
[matchday_prewarm] 2026-09-05: 860/1618, falhas=0
[matchday_prewarm] 2026-09-05: 870/1618, falhas=0
[matchday_prewarm] 2026-09-05: 880/1618, falhas=0
[matchday_prewarm] 2026-09-05: 890/1618, falhas=0
[matchday_prewarm] 2026-09-05: 900/1618, falhas=0
[matchday_prewarm] 2026-09-05: 910/1618, falhas=0
[matchday_prewarm] 2026-09-05: 920/1618, falhas=0
[matchday_prewarm] 2026-09-05: 930/1618, falhas=0
[matchday_prewarm] 2026-09-05: 940/1618, falhas=0
[matchday_prewarm] 2026-09-05: 950/1618, falhas=0
[matchday_prewarm] 2026-09-05: 960/1618, falhas=0
[matchday_prewarm] 2026-09-05: 970/1618, falhas=0
[matchday_prewarm] 2026-09-05: 980/1618, falhas=0
[matchday_prewarm] 2026-09-05: 990/1618, falhas=0
[matchday_prewarm] 2026-09-05: 1000/1618, falhas=0
[matchday_prewarm] 2026-09-05: 1010/1618, falhas=0
[matchday_prewarm] 2026-09-05: 1020/1618, falhas=0
[matchday_prewarm] 2026-09-05: 1030/1618, falhas=0
[matchday_prewarm] 2026-09-05: 1040/1618, falhas=0
[matchday_prewarm] 2026-09-05: 1050/1618, falhas=0
[matchday_prewarm] 2026-09-05: 1060/1618, falhas=0
[matchday_prewarm] 2026-09-05: 1070/1618, falhas=0
[matchday_prewarm] 2026-09-05: 1080/1618, falhas=0
[matchday_prewarm] 2026-09-05: 1090/1618, falhas=0
[matchday_prewarm] 2026-09-05: 1100/1618, falhas=0
[matchday_prewarm] 2026-09-05: 1110/1618, falhas=0
[matchday_prewarm] 2026-09-05: 1120/1618, falhas=0
[matchday_prewarm] 2026-09-05: 1130/1618, falhas=0
[matchday_prewarm] 2026-09-05: 1140/1618, falhas=0
[matchday_prewarm] 2026-09-05: 1150/1618, falhas=0
[matchday_prewarm] 2026-09-05: 1160/1618, falhas=0
[matchday_prewarm] 2026-09-05: 1170/1618, falhas=0
[matchday_prewarm] 2026-09-05: 1180/1618, falhas=0
[matchday_prewarm] 2026-09-05: 1190/1618, falhas=0
[matchday_prewarm] 2026-09-05: 1200/1618, falhas=0
[matchday_prewarm] 2026-09-05: 1210/1618, falhas=0
[matchday_prewarm] 2026-09-05: 1220/1618, falhas=0
[matchday_prewarm] 2026-09-05: 1230/1618, falhas=0
[matchday_prewarm] 2026-09-05: 1240/1618, falhas=0
[matchday_prewarm] 2026-09-05: 1250/1618, falhas=0
[matchday_prewarm] 2026-09-05: 1260/1618, falhas=0
[matchday_prewarm] 2026-09-05: 1270/1618, falhas=0
[matchday_prewarm] 2026-09-05: 1280/1618, falhas=0
[matchday_prewarm] 2026-09-05: 1290/1618, falhas=0
[matchday_prewarm] 2026-09-05: 1300/1618, falhas=0
[matchday_prewarm] 2026-09-05: 1310/1618, falhas=0
[matchday_prewarm] 2026-09-05: 1320/1618, falhas=0
[matchday_prewarm] 2026-09-05: 1330/1618, falhas=0
[matchday_prewarm] 2026-09-05: 1340/1618, falhas=0
[matchday_prewarm] 2026-09-05: 1350/1618, falhas=0
[matchday_prewarm] 2026-09-05: 1360/1618, falhas=0
[matchday_prewarm] 2026-09-05: 1370/1618, falhas=0
[matchday_prewarm] 2026-09-05: 1380/1618, falhas=0
[matchday_prewarm] 2026-09-05: 1390/1618, falhas=0
[matchday_prewarm] 2026-09-05: 1400/1618, falhas=0
[matchday_prewarm] 2026-09-05: 1410/1618, falhas=0
[matchday_prewarm] 2026-09-05: 1420/1618, falhas=0
[matchday_prewarm] 2026-09-05: 1430/1618, falhas=0
[matchday_prewarm] 2026-09-05: 1440/1618, falhas=0
[matchday_prewarm] 2026-09-05: 1450/1618, falhas=0
[matchday_prewarm] 2026-09-05: 1460/1618, falhas=0
[matchday_prewarm] 2026-09-05: 1470/1618, falhas=0
[matchday_prewarm] 2026-09-05: 1480/1618, falhas=0
[matchday_prewarm] 2026-09-05: 1490/1618, falhas=0
[matchday_prewarm] 2026-09-05: 1500/1618, falhas=0
[matchday_prewarm] 2026-09-05: 1510/1618, falhas=0
[matchday_prewarm] 2026-09-05: 1520/1618, falhas=0
[matchday_prewarm] 2026-09-05: 1530/1618, falhas=0
[matchday_prewarm] 2026-09-05: 1540/1618, falhas=0
[matchday_prewarm] 2026-09-05: 1550/1618, falhas=0
[matchday_prewarm] 2026-09-05: 1560/1618, falhas=0
[matchday_prewarm] 2026-09-05: 1570/1618, falhas=0
[matchday_prewarm] 2026-09-05: 1580/1618, falhas=0
[matchday_prewarm] 2026-09-05: 1590/1618, falhas=0
[matchday_prewarm] 2026-09-05: 1600/1618, falhas=0
[matchday_prewarm] 2026-09-05: 1610/1618, falhas=0
[matchday_prewarm] 2026-09-05: completo=True entradas=1618/1618 falhas=0
[matchday_prewarm] iniciando índice leve de 2026-09-05
[scraper] Challenge liberado. Sessao persistente ativa.
[matchday_prewarm] 2026-09-05: 10/1525, falhas=0
[matchday_prewarm] 2026-09-05: 20/1525, falhas=0
[matchday_prewarm] 2026-09-05: 30/1525, falhas=0
[matchday_prewarm] 2026-09-05: 40/1525, falhas=0
[matchday_prewarm] 2026-09-05: 50/1525, falhas=0
[matchday_prewarm] 2026-09-05: 60/1525, falhas=0
[matchday_prewarm] 2026-09-05: 70/1525, falhas=0
[matchday_prewarm] 2026-09-05: 80/1525, falhas=0
[matchday_prewarm] 2026-09-05: 90/1525, falhas=0
[matchday_prewarm] 2026-09-05: 100/1525, falhas=0
[matchday_prewarm] 2026-09-05: 110/1525, falhas=0
[matchday_prewarm] 2026-09-05: 120/1525, falhas=0
[matchday_prewarm] 2026-09-05: 130/1525, falhas=0
[matchday_prewarm] 2026-09-05: 140/1525, falhas=0
[matchday_prewarm] 2026-09-05: 150/1525, falhas=0
[matchday_prewarm] 2026-09-05: 160/1525, falhas=0
[matchday_prewarm] 2026-09-05: 170/1525, falhas=0
[matchday_prewarm] 2026-09-05: 180/1525, falhas=0
[matchday_prewarm] 2026-09-05: 190/1525, falhas=0
[matchday_prewarm] 2026-09-05: 200/1525, falhas=0
[matchday_prewarm] 2026-09-05: 210/1525, falhas=0
[matchday_prewarm] 2026-09-05: 220/1525, falhas=0
[matchday_prewarm] 2026-09-05: 230/1525, falhas=0
[matchday_prewarm] 2026-09-05: 240/1525, falhas=0
[matchday_prewarm] 2026-09-05: 250/1525, falhas=0
[matchday_prewarm] 2026-09-05: 260/1525, falhas=0
[matchday_prewarm] 2026-09-05: 270/1525, falhas=0
[matchday_prewarm] 2026-09-05: 280/1525, falhas=0
[matchday_prewarm] 2026-09-05: 290/1525, falhas=0
[matchday_prewarm] 2026-09-05: 300/1525, falhas=0
[matchday_prewarm] 2026-09-05: 310/1525, falhas=0
[matchday_prewarm] 2026-09-05: 320/1525, falhas=0
[matchday_prewarm] 2026-09-05: 330/1525, falhas=0
[matchday_prewarm] 2026-09-05: 340/1525, falhas=0
[matchday_prewarm] 2026-09-05: 350/1525, falhas=0
[matchday_prewarm] 2026-09-05: 360/1525, falhas=0
[matchday_prewarm] 2026-09-05: 370/1525, falhas=0
[matchday_prewarm] 2026-09-05: 380/1525, falhas=0
[matchday_prewarm] 2026-09-05: 390/1525, falhas=0
[matchday_prewarm] 2026-09-05: 400/1525, falhas=0
[matchday_prewarm] 2026-09-05: 410/1525, falhas=0
[matchday_prewarm] 2026-09-05: 420/1525, falhas=0
[matchday_prewarm] 2026-09-05: 430/1525, falhas=0
[matchday_prewarm] 2026-09-05: 440/1525, falhas=0
[matchday_prewarm] 2026-09-05: 450/1525, falhas=0
[matchday_prewarm] 2026-09-05: 460/1525, falhas=0
[matchday_prewarm] 2026-09-05: 470/1525, falhas=0
[matchday_prewarm] 2026-09-05: 480/1525, falhas=0
[matchday_prewarm] 2026-09-05: 490/1525, falhas=0
[matchday_prewarm] 2026-09-05: 500/1525, falhas=0
[matchday_prewarm] 2026-09-05: 510/1525, falhas=0
[matchday_prewarm] 2026-09-05: 520/1525, falhas=0
[matchday_prewarm] 2026-09-05: 530/1525, falhas=0
[matchday_prewarm] 2026-09-05: 540/1525, falhas=0
[matchday_prewarm] 2026-09-05: 550/1525, falhas=0
[matchday_prewarm] 2026-09-05: 560/1525, falhas=0
[matchday_prewarm] 2026-09-05: 570/1525, falhas=0
[matchday_prewarm] 2026-09-05: 580/1525, falhas=0
[matchday_prewarm] 2026-09-05: 590/1525, falhas=0
[matchday_prewarm] 2026-09-05: 600/1525, falhas=0
[matchday_prewarm] 2026-09-05: 610/1525, falhas=0
[matchday_prewarm] 2026-09-05: 620/1525, falhas=0
[matchday_prewarm] 2026-09-05: 630/1525, falhas=0
[matchday_prewarm] 2026-09-05: 640/1525, falhas=0
[matchday_prewarm] 2026-09-05: 650/1525, falhas=0
[matchday_prewarm] 2026-09-05: 660/1525, falhas=0
[matchday_prewarm] 2026-09-05: 670/1525, falhas=0
[matchday_prewarm] 2026-09-05: 680/1525, falhas=0
[matchday_prewarm] 2026-09-05: 690/1525, falhas=0
[matchday_prewarm] 2026-09-05: 700/1525, falhas=0
[matchday_prewarm] 2026-09-05: 710/1525, falhas=0
[matchday_prewarm] 2026-09-05: 720/1525, falhas=0
[matchday_prewarm] 2026-09-05: 730/1525, falhas=0
[matchday_prewarm] 2026-09-05: 740/1525, falhas=0
[matchday_prewarm] 2026-09-05: 750/1525, falhas=0
[matchday_prewarm] 2026-09-05: 760/1525, falhas=0
[matchday_prewarm] 2026-09-05: 770/1525, falhas=0
[matchday_prewarm] 2026-09-05: 780/1525, falhas=0
[matchday_prewarm] 2026-09-05: 790/1525, falhas=0
[matchday_prewarm] 2026-09-05: 800/1525, falhas=0
[matchday_prewarm] 2026-09-05: 810/1525, falhas=0
[matchday_prewarm] 2026-09-05: 820/1525, falhas=0
[matchday_prewarm] 2026-09-05: 830/1525, falhas=0
[matchday_prewarm] 2026-09-05: 840/1525, falhas=0
[matchday_prewarm] 2026-09-05: 850/1525, falhas=0
[matchday_prewarm] 2026-09-05: 860/1525, falhas=0
[matchday_prewarm] 2026-09-05: 870/1525, falhas=0
[matchday_prewarm] 2026-09-05: 880/1525, falhas=0
[matchday_prewarm] 2026-09-05: 890/1525, falhas=0
[matchday_prewarm] 2026-09-05: 900/1525, falhas=0
[matchday_prewarm] 2026-09-05: 910/1525, falhas=0
[matchday_prewarm] 2026-09-05: 920/1525, falhas=0
[matchday_prewarm] 2026-09-05: 930/1525, falhas=0
[matchday_prewarm] 2026-09-05: 940/1525, falhas=0
[matchday_prewarm] 2026-09-05: 950/1525, falhas=0
[matchday_prewarm] 2026-09-05: 960/1525, falhas=0
[matchday_prewarm] 2026-09-05: 970/1525, falhas=0
[matchday_prewarm] 2026-09-05: 980/1525, falhas=0
[matchday_prewarm] 2026-09-05: 990/1525, falhas=0
[matchday_prewarm] 2026-09-05: 1000/1525, falhas=0
[matchday_prewarm] 2026-09-05: 1010/1525, falhas=0
[matchday_prewarm] 2026-09-05: 1020/1525, falhas=0
[matchday_prewarm] 2026-09-05: 1030/1525, falhas=0
[matchday_prewarm] 2026-09-05: 1040/1525, falhas=0
[matchday_prewarm] 2026-09-05: 1050/1525, falhas=0
[matchday_prewarm] 2026-09-05: 1060/1525, falhas=0
[matchday_prewarm] 2026-09-05: 1070/1525, falhas=0
[matchday_prewarm] 2026-09-05: 1080/1525, falhas=0
[matchday_prewarm] 2026-09-05: 1090/1525, falhas=0
[matchday_prewarm] 2026-09-05: 1100/1525, falhas=0
[matchday_prewarm] 2026-09-05: 1110/1525, falhas=0
[matchday_prewarm] 2026-09-05: 1120/1525, falhas=0
[matchday_prewarm] 2026-09-05: 1130/1525, falhas=0
[matchday_prewarm] 2026-09-05: 1140/1525, falhas=0
[matchday_prewarm] 2026-09-05: 1150/1525, falhas=0
[matchday_prewarm] 2026-09-05: 1160/1525, falhas=0
[matchday_prewarm] 2026-09-05: 1170/1525, falhas=0
[matchday_prewarm] 2026-09-05: 1180/1525, falhas=0
[matchday_prewarm] 2026-09-05: 1190/1525, falhas=0
[matchday_prewarm] 2026-09-05: 1200/1525, falhas=0
[matchday_prewarm] 2026-09-05: 1210/1525, falhas=0
[matchday_prewarm] 2026-09-05: 1220/1525, falhas=0
[matchday_prewarm] 2026-09-05: 1230/1525, falhas=0
[matchday_prewarm] 2026-09-05: 1240/1525, falhas=0
[matchday_prewarm] 2026-09-05: 1250/1525, falhas=0
[matchday_prewarm] 2026-09-05: 1260/1525, falhas=0
[matchday_prewarm] 2026-09-05: 1270/1525, falhas=0
[matchday_prewarm] 2026-09-05: 1280/1525, falhas=0
[matchday_prewarm] 2026-09-05: 1290/1525, falhas=0
[matchday_prewarm] 2026-09-05: 1300/1525, falhas=0
[matchday_prewarm] 2026-09-05: 1310/1525, falhas=0
[matchday_prewarm] 2026-09-05: 1320/1525, falhas=0
[matchday_prewarm] 2026-09-05: 1330/1525, falhas=0
[matchday_prewarm] 2026-09-05: 1340/1525, falhas=0
[matchday_prewarm] 2026-09-05: 1350/1525, falhas=0
[matchday_prewarm] 2026-09-05: 1360/1525, falhas=0
[matchday_prewarm] 2026-09-05: 1370/1525, falhas=0
[matchday_prewarm] 2026-09-05: 1380/1525, falhas=0
[matchday_prewarm] 2026-09-05: 1390/1525, falhas=0
[matchday_prewarm] 2026-09-05: 1400/1525, falhas=0
[matchday_prewarm] 2026-09-05: 1410/1525, falhas=0
[matchday_prewarm] 2026-09-05: 1420/1525, falhas=0
[matchday_prewarm] 2026-09-05: 1430/1525, falhas=0
[matchday_prewarm] 2026-09-05: 1440/1525, falhas=0
[matchday_prewarm] 2026-09-05: 1450/1525, falhas=0
[matchday_prewarm] 2026-09-05: 1460/1525, falhas=0
[matchday_prewarm] 2026-09-05: 1470/1525, falhas=0
[matchday_prewarm] 2026-09-05: 1480/1525, falhas=0
[matchday_prewarm] 2026-09-05: 1490/1525, falhas=0
[matchday_prewarm] 2026-09-05: 1500/1525, falhas=0
[matchday_prewarm] 2026-09-05: 1510/1525, falhas=0
[matchday_prewarm] 2026-09-05: 1520/1525, falhas=0
[matchday_prewarm] 2026-09-05: completo=True entradas=1525/1525 falhas=0
[matchday_prewarm] iniciando índice leve de 2026-09-06
[matchday_prewarm] 2026-09-06: 10/1247, falhas=0
[matchday_prewarm] 2026-09-06: 20/1247, falhas=0
[matchday_prewarm] 2026-09-06: 30/1247, falhas=0
[matchday_prewarm] 2026-09-06: 40/1247, falhas=0
[matchday_prewarm] 2026-09-06: 50/1247, falhas=0
[matchday_prewarm] 2026-09-06: 60/1247, falhas=0
[matchday_prewarm] 2026-09-06: 70/1247, falhas=0
[matchday_prewarm] 2026-09-06: 80/1247, falhas=0
[matchday_prewarm] 2026-09-06: 90/1247, falhas=0
[matchday_prewarm] 2026-09-06: 100/1247, falhas=0
[matchday_prewarm] 2026-09-06: 110/1247, falhas=0
[matchday_prewarm] 2026-09-06: 120/1247, falhas=0
[matchday_prewarm] 2026-09-06: 130/1247, falhas=0
[matchday_prewarm] 2026-09-06: 140/1247, falhas=0
[matchday_prewarm] 2026-09-06: 150/1247, falhas=0
[matchday_prewarm] 2026-09-06: 160/1247, falhas=0
[matchday_prewarm] 2026-09-06: 170/1247, falhas=0
[matchday_prewarm] 2026-09-06: 180/1247, falhas=0
[matchday_prewarm] 2026-09-06: 190/1247, falhas=0
[matchday_prewarm] 2026-09-06: 200/1247, falhas=0
[matchday_prewarm] 2026-09-06: 210/1247, falhas=0
[matchday_prewarm] 2026-09-06: 220/1247, falhas=0
[matchday_prewarm] 2026-09-06: 230/1247, falhas=0
[matchday_prewarm] 2026-09-06: 240/1247, falhas=0
[matchday_prewarm] 2026-09-06: 250/1247, falhas=0
[matchday_prewarm] 2026-09-06: 260/1247, falhas=0
[matchday_prewarm] 2026-09-06: 270/1247, falhas=0
[matchday_prewarm] 2026-09-06: 280/1247, falhas=0
[matchday_prewarm] 2026-09-06: 290/1247, falhas=0
[matchday_prewarm] 2026-09-06: 300/1247, falhas=0
[matchday_prewarm] 2026-09-06: 310/1247, falhas=0
[matchday_prewarm] 2026-09-06: 320/1247, falhas=0
[matchday_prewarm] 2026-09-06: 330/1247, falhas=0
[matchday_prewarm] 2026-09-06: 340/1247, falhas=0
[matchday_prewarm] 2026-09-06: 350/1247, falhas=0
[matchday_prewarm] 2026-09-06: 360/1247, falhas=0
[matchday_prewarm] 2026-09-06: 370/1247, falhas=0
[matchday_prewarm] 2026-09-06: 380/1247, falhas=0
[matchday_prewarm] 2026-09-06: 390/1247, falhas=0
[matchday_prewarm] 2026-09-06: 400/1247, falhas=0
[matchday_prewarm] 2026-09-06: 410/1247, falhas=0
[matchday_prewarm] 2026-09-06: 420/1247, falhas=0
[matchday_prewarm] 2026-09-06: 430/1247, falhas=0
[matchday_prewarm] 2026-09-06: 440/1247, falhas=0
[matchday_prewarm] 2026-09-06: 450/1247, falhas=0
[matchday_prewarm] 2026-09-06: 460/1247, falhas=0
[matchday_prewarm] 2026-09-06: 470/1247, falhas=0
[matchday_prewarm] 2026-09-06: 480/1247, falhas=0
[matchday_prewarm] 2026-09-06: 490/1247, falhas=0
[matchday_prewarm] 2026-09-06: 500/1247, falhas=0
[matchday_prewarm] 2026-09-06: 510/1247, falhas=0
[matchday_prewarm] 2026-09-06: 520/1247, falhas=0
[matchday_prewarm] 2026-09-06: 530/1247, falhas=0
[matchday_prewarm] 2026-09-06: 540/1247, falhas=0
[matchday_prewarm] 2026-09-06: 550/1247, falhas=0
[matchday_prewarm] 2026-09-06: 560/1247, falhas=0
[matchday_prewarm] 2026-09-06: 570/1247, falhas=0
[matchday_prewarm] 2026-09-06: 580/1247, falhas=0
[matchday_prewarm] 2026-09-06: 590/1247, falhas=0
[matchday_prewarm] 2026-09-06: 600/1247, falhas=0
[matchday_prewarm] 2026-09-06: 610/1247, falhas=0
[matchday_prewarm] 2026-09-06: 620/1247, falhas=0
[matchday_prewarm] 2026-09-06: 630/1247, falhas=0
[matchday_prewarm] 2026-09-06: 640/1247, falhas=0
[matchday_prewarm] 2026-09-06: 650/1247, falhas=0
[matchday_prewarm] 2026-09-06: 660/1247, falhas=0
[matchday_prewarm] 2026-09-06: 670/1247, falhas=0
[matchday_prewarm] 2026-09-06: 680/1247, falhas=0
[matchday_prewarm] 2026-09-06: 690/1247, falhas=0
[matchday_prewarm] 2026-09-06: 700/1247, falhas=0
[matchday_prewarm] 2026-09-06: 710/1247, falhas=0
[matchday_prewarm] 2026-09-06: 720/1247, falhas=0
[matchday_prewarm] 2026-09-06: 730/1247, falhas=0
[matchday_prewarm] 2026-09-06: 740/1247, falhas=0
[matchday_prewarm] 2026-09-06: 750/1247, falhas=0
[matchday_prewarm] 2026-09-06: 760/1247, falhas=0
[matchday_prewarm] 2026-09-06: 770/1247, falhas=0
[matchday_prewarm] 2026-09-06: 780/1247, falhas=0
[matchday_prewarm] 2026-09-06: 790/1247, falhas=0
[matchday_prewarm] 2026-09-06: 800/1247, falhas=0
[matchday_prewarm] 2026-09-06: 810/1247, falhas=0
[matchday_prewarm] 2026-09-06: 820/1247, falhas=0
[matchday_prewarm] 2026-09-06: 830/1247, falhas=0
[matchday_prewarm] 2026-09-06: 840/1247, falhas=0
[matchday_prewarm] 2026-09-06: 850/1247, falhas=0
[matchday_prewarm] 2026-09-06: 860/1247, falhas=0
[matchday_prewarm] 2026-09-06: 870/1247, falhas=0
[matchday_prewarm] 2026-09-06: 880/1247, falhas=0
[matchday_prewarm] 2026-09-06: 890/1247, falhas=0
[matchday_prewarm] 2026-09-06: 900/1247, falhas=0
[matchday_prewarm] 2026-09-06: 910/1247, falhas=0
[matchday_prewarm] 2026-09-06: 920/1247, falhas=0
[matchday_prewarm] 2026-09-06: 930/1247, falhas=0
[matchday_prewarm] 2026-09-06: 940/1247, falhas=0
[matchday_prewarm] 2026-09-06: 950/1247, falhas=0
[matchday_prewarm] 2026-09-06: 960/1247, falhas=0
[matchday_prewarm] 2026-09-06: 970/1247, falhas=0
[matchday_prewarm] 2026-09-06: 980/1247, falhas=0
[matchday_prewarm] 2026-09-06: 990/1247, falhas=0
[matchday_prewarm] 2026-09-06: 1000/1247, falhas=0
[matchday_prewarm] 2026-09-06: 1010/1247, falhas=0
[matchday_prewarm] 2026-09-06: 1020/1247, falhas=0
[matchday_prewarm] 2026-09-06: 1030/1247, falhas=0
[matchday_prewarm] 2026-09-06: 1040/1247, falhas=0
[matchday_prewarm] 2026-09-06: 1050/1247, falhas=0
[matchday_prewarm] 2026-09-06: 1060/1247, falhas=0
[matchday_prewarm] 2026-09-06: 1070/1247, falhas=0
[matchday_prewarm] 2026-09-06: 1080/1247, falhas=0
[matchday_prewarm] 2026-09-06: 1090/1247, falhas=0
[matchday_prewarm] 2026-09-06: 1100/1247, falhas=0
[matchday_prewarm] 2026-09-06: 1110/1247, falhas=0
[matchday_prewarm] 2026-09-06: 1120/1247, falhas=0
[matchday_prewarm] 2026-09-06: 1130/1247, falhas=0
[matchday_prewarm] 2026-09-06: 1140/1247, falhas=0
[matchday_prewarm] 2026-09-06: 1150/1247, falhas=0
[matchday_prewarm] 2026-09-06: 1160/1247, falhas=0
[matchday_prewarm] 2026-09-06: 1170/1247, falhas=0
[matchday_prewarm] 2026-09-06: 1180/1247, falhas=0
[matchday_prewarm] 2026-09-06: 1190/1247, falhas=0
[matchday_prewarm] 2026-09-06: 1200/1247, falhas=0
[matchday_prewarm] 2026-09-06: 1210/1247, falhas=0
[matchday_prewarm] 2026-09-06: 1220/1247, falhas=0
[matchday_prewarm] 2026-09-06: 1230/1247, falhas=0
[matchday_prewarm] 2026-09-06: 1240/1247, falhas=0
[matchday_prewarm] 2026-09-06: completo=True entradas=1247/1247 falhas=0
[matchday_prewarm] iniciando índice leve de 2026-09-06
[scraper] Challenge liberado. Sessao persistente ativa.
[matchday_prewarm] 2026-09-06: 10/1327, falhas=0
[matchday_prewarm] 2026-09-06: 20/1327, falhas=0
[matchday_prewarm] 2026-09-06: 30/1327, falhas=0
[matchday_prewarm] 2026-09-06: 40/1327, falhas=0
[matchday_prewarm] 2026-09-06: 50/1327, falhas=0
[matchday_prewarm] 2026-09-06: 60/1327, falhas=0
[matchday_prewarm] 2026-09-06: 70/1327, falhas=0
[matchday_prewarm] 2026-09-06: 80/1327, falhas=0
[matchday_prewarm] 2026-09-06: 90/1327, falhas=0
[matchday_prewarm] 2026-09-06: 100/1327, falhas=0
[matchday_prewarm] 2026-09-06: 110/1327, falhas=0
[matchday_prewarm] 2026-09-06: 120/1327, falhas=0
[matchday_prewarm] 2026-09-06: 130/1327, falhas=0
[matchday_prewarm] 2026-09-06: 140/1327, falhas=0
[matchday_prewarm] 2026-09-06: 150/1327, falhas=0
[matchday_prewarm] 2026-09-06: 160/1327, falhas=0
[matchday_prewarm] 2026-09-06: 170/1327, falhas=0
[matchday_prewarm] 2026-09-06: 180/1327, falhas=0
[matchday_prewarm] 2026-09-06: 190/1327, falhas=0
[matchday_prewarm] 2026-09-06: 200/1327, falhas=0
[matchday_prewarm] 2026-09-06: 210/1327, falhas=0
[matchday_prewarm] 2026-09-06: 220/1327, falhas=0
[matchday_prewarm] 2026-09-06: 230/1327, falhas=0
[matchday_prewarm] 2026-09-06: 240/1327, falhas=0
[matchday_prewarm] 2026-09-06: 250/1327, falhas=0
[matchday_prewarm] 2026-09-06: 260/1327, falhas=0
[matchday_prewarm] 2026-09-06: 270/1327, falhas=0
[matchday_prewarm] 2026-09-06: 280/1327, falhas=0
[matchday_prewarm] 2026-09-06: 290/1327, falhas=0
[matchday_prewarm] 2026-09-06: 300/1327, falhas=0
[matchday_prewarm] 2026-09-06: 310/1327, falhas=0
[matchday_prewarm] 2026-09-06: 320/1327, falhas=0
[matchday_prewarm] 2026-09-06: 330/1327, falhas=0
[matchday_prewarm] 2026-09-06: 340/1327, falhas=0
[matchday_prewarm] 2026-09-06: 350/1327, falhas=0
[matchday_prewarm] 2026-09-06: 360/1327, falhas=0
[matchday_prewarm] 2026-09-06: 370/1327, falhas=0
[matchday_prewarm] 2026-09-06: 380/1327, falhas=0
[matchday_prewarm] 2026-09-06: 390/1327, falhas=0
[matchday_prewarm] 2026-09-06: 400/1327, falhas=0
[matchday_prewarm] 2026-09-06: 410/1327, falhas=0
[matchday_prewarm] 2026-09-06: 420/1327, falhas=0
[matchday_prewarm] 2026-09-06: 430/1327, falhas=0
[matchday_prewarm] 2026-09-06: 440/1327, falhas=0
[matchday_prewarm] 2026-09-06: 450/1327, falhas=0
[matchday_prewarm] 2026-09-06: 460/1327, falhas=0
[matchday_prewarm] 2026-09-06: 470/1327, falhas=0
[matchday_prewarm] 2026-09-06: 480/1327, falhas=0
[matchday_prewarm] 2026-09-06: 490/1327, falhas=0
[matchday_prewarm] 2026-09-06: 500/1327, falhas=0
[matchday_prewarm] 2026-09-06: 510/1327, falhas=0
[matchday_prewarm] 2026-09-06: 520/1327, falhas=0
[matchday_prewarm] 2026-09-06: 530/1327, falhas=0
[matchday_prewarm] 2026-09-06: 540/1327, falhas=0
[matchday_prewarm] 2026-09-06: 550/1327, falhas=0
[matchday_prewarm] 2026-09-06: 560/1327, falhas=0
[matchday_prewarm] 2026-09-06: 570/1327, falhas=0
[matchday_prewarm] 2026-09-06: 580/1327, falhas=0
[matchday_prewarm] 2026-09-06: 590/1327, falhas=0
[matchday_prewarm] 2026-09-06: 600/1327, falhas=0
[matchday_prewarm] 2026-09-06: 610/1327, falhas=0
[matchday_prewarm] 2026-09-06: 620/1327, falhas=0
[matchday_prewarm] 2026-09-06: 630/1327, falhas=0
[matchday_prewarm] 2026-09-06: 640/1327, falhas=0
[matchday_prewarm] 2026-09-06: 650/1327, falhas=0
[matchday_prewarm] 2026-09-06: 660/1327, falhas=0
[matchday_prewarm] 2026-09-06: 670/1327, falhas=0
[matchday_prewarm] 2026-09-06: 680/1327, falhas=0
[matchday_prewarm] 2026-09-06: 690/1327, falhas=0
[matchday_prewarm] 2026-09-06: 700/1327, falhas=0
[matchday_prewarm] 2026-09-06: 710/1327, falhas=0
[matchday_prewarm] 2026-09-06: 720/1327, falhas=0
[matchday_prewarm] 2026-09-06: 730/1327, falhas=0
[matchday_prewarm] 2026-09-06: 740/1327, falhas=0
[matchday_prewarm] 2026-09-06: 750/1327, falhas=0
[matchday_prewarm] 2026-09-06: 760/1327, falhas=0
[matchday_prewarm] 2026-09-06: 770/1327, falhas=0
[matchday_prewarm] 2026-09-06: 780/1327, falhas=0
[matchday_prewarm] 2026-09-06: 790/1327, falhas=0
[matchday_prewarm] 2026-09-06: 800/1327, falhas=0
[matchday_prewarm] 2026-09-06: 810/1327, falhas=0
[matchday_prewarm] 2026-09-06: 820/1327, falhas=0
[matchday_prewarm] 2026-09-06: 830/1327, falhas=0
[matchday_prewarm] 2026-09-06: 840/1327, falhas=0
[matchday_prewarm] 2026-09-06: 850/1327, falhas=0
[matchday_prewarm] 2026-09-06: 860/1327, falhas=0
[matchday_prewarm] 2026-09-06: 870/1327, falhas=0
[matchday_prewarm] 2026-09-06: 880/1327, falhas=0
[matchday_prewarm] 2026-09-06: 890/1327, falhas=0
[matchday_prewarm] 2026-09-06: 900/1327, falhas=0
[matchday_prewarm] 2026-09-06: 910/1327, falhas=0
[matchday_prewarm] 2026-09-06: 920/1327, falhas=0
[matchday_prewarm] 2026-09-06: 930/1327, falhas=0
[matchday_prewarm] 2026-09-06: 940/1327, falhas=0
[matchday_prewarm] 2026-09-06: 950/1327, falhas=0
[matchday_prewarm] 2026-09-06: 960/1327, falhas=0
[matchday_prewarm] 2026-09-06: 970/1327, falhas=0
[matchday_prewarm] 2026-09-06: 980/1327, falhas=0
[matchday_prewarm] 2026-09-06: 990/1327, falhas=0
[matchday_prewarm] 2026-09-06: 1000/1327, falhas=0
[matchday_prewarm] 2026-09-06: 1010/1327, falhas=0
[matchday_prewarm] 2026-09-06: 1020/1327, falhas=0
[matchday_prewarm] 2026-09-06: 1030/1327, falhas=0
[matchday_prewarm] 2026-09-06: 1040/1327, falhas=0
[matchday_prewarm] 2026-09-06: 1050/1327, falhas=0
[matchday_prewarm] 2026-09-06: 1060/1327, falhas=0
[matchday_prewarm] 2026-09-06: 1070/1327, falhas=0
[matchday_prewarm] 2026-09-06: 1080/1327, falhas=0
[matchday_prewarm] 2026-09-06: 1090/1327, falhas=0
[matchday_prewarm] 2026-09-06: 1100/1327, falhas=0
[matchday_prewarm] 2026-09-06: 1110/1327, falhas=0
[matchday_prewarm] 2026-09-06: 1120/1327, falhas=0
[matchday_prewarm] 2026-09-06: 1130/1327, falhas=0
[matchday_prewarm] 2026-09-06: 1140/1327, falhas=0
[matchday_prewarm] 2026-09-06: 1150/1327, falhas=0
[matchday_prewarm] 2026-09-06: 1160/1327, falhas=0
[matchday_prewarm] 2026-09-06: 1170/1327, falhas=0
[matchday_prewarm] 2026-09-06: 1180/1327, falhas=0
[matchday_prewarm] 2026-09-06: 1190/1327, falhas=0
[matchday_prewarm] 2026-09-06: 1200/1327, falhas=0
[matchday_prewarm] 2026-09-06: 1210/1327, falhas=0
[matchday_prewarm] 2026-09-06: 1220/1327, falhas=0
[matchday_prewarm] 2026-09-06: 1230/1327, falhas=0
[matchday_prewarm] 2026-09-06: 1240/1327, falhas=0
[matchday_prewarm] 2026-09-06: 1250/1327, falhas=0
[matchday_prewarm] 2026-09-06: 1260/1327, falhas=0
[matchday_prewarm] 2026-09-06: 1270/1327, falhas=0
[matchday_prewarm] 2026-09-06: 1280/1327, falhas=0
[matchday_prewarm] 2026-09-06: 1290/1327, falhas=0
[matchday_prewarm] 2026-09-06: 1300/1327, falhas=0
[matchday_prewarm] 2026-09-06: 1310/1327, falhas=0
[matchday_prewarm] 2026-09-06: 1320/1327, falhas=0
[matchday_prewarm] 2026-09-06: completo=True entradas=1327/1327 falhas=0
[matchday_prewarm] iniciando índice leve de 2026-09-07
[matchday_prewarm] 2026-09-07: 10/177, falhas=0
[matchday_prewarm] 2026-09-07: 20/177, falhas=0
[matchday_prewarm] 2026-09-07: 30/177, falhas=0
[matchday_prewarm] 2026-09-07: 40/177, falhas=0
[matchday_prewarm] 2026-09-07: 50/177, falhas=0
[matchday_prewarm] 2026-09-07: 60/177, falhas=0
[matchday_prewarm] 2026-09-07: 70/177, falhas=0
[matchday_prewarm] 2026-09-07: 80/177, falhas=0
[matchday_prewarm] 2026-09-07: 90/177, falhas=0
[matchday_prewarm] 2026-09-07: 100/177, falhas=0
[matchday_prewarm] 2026-09-07: 110/177, falhas=0
[matchday_prewarm] 2026-09-07: 120/177, falhas=0
[matchday_prewarm] 2026-09-07: 130/177, falhas=0
[matchday_prewarm] 2026-09-07: 140/177, falhas=0
[matchday_prewarm] 2026-09-07: 150/177, falhas=0
[matchday_prewarm] 2026-09-07: 160/177, falhas=0
[matchday_prewarm] 2026-09-07: 170/177, falhas=0
[matchday_prewarm] 2026-09-07: completo=True entradas=177/177 falhas=0
[matchday_prewarm] iniciando índice leve de 2026-09-07
[scraper] Challenge liberado. Sessao persistente ativa.
[matchday_prewarm] 2026-09-07: 10/202, falhas=0
[matchday_prewarm] 2026-09-07: 20/202, falhas=0
[matchday_prewarm] 2026-09-07: 30/202, falhas=0
[matchday_prewarm] 2026-09-07: 40/202, falhas=0
[matchday_prewarm] 2026-09-07: 50/202, falhas=0
[matchday_prewarm] 2026-09-07: 60/202, falhas=0
[matchday_prewarm] 2026-09-07: 70/202, falhas=0
[matchday_prewarm] 2026-09-07: 80/202, falhas=0
[matchday_prewarm] 2026-09-07: 90/202, falhas=0
[matchday_prewarm] 2026-09-07: 100/202, falhas=0
[matchday_prewarm] 2026-09-07: 110/202, falhas=0
[matchday_prewarm] 2026-09-07: 120/202, falhas=0
[matchday_prewarm] 2026-09-07: 130/202, falhas=0
[matchday_prewarm] 2026-09-07: 140/202, falhas=0
[matchday_prewarm] 2026-09-07: 150/202, falhas=0
[matchday_prewarm] 2026-09-07: 160/202, falhas=0
[matchday_prewarm] 2026-09-07: 170/202, falhas=0
[matchday_prewarm] 2026-09-07: 180/202, falhas=0
[matchday_prewarm] 2026-09-07: 190/202, falhas=0
[matchday_prewarm] 2026-09-07: 200/202, falhas=0
[matchday_prewarm] 2026-09-07: completo=True entradas=202/202 falhas=0
[matchday_prewarm] iniciando índice leve de 2026-09-08
[matchday_prewarm] 2026-09-08: 10/253, falhas=0
[matchday_prewarm] 2026-09-08: 20/253, falhas=0
[matchday_prewarm] 2026-09-08: 30/253, falhas=0
[matchday_prewarm] 2026-09-08: 40/253, falhas=0
[matchday_prewarm] 2026-09-08: 50/253, falhas=0
[matchday_prewarm] 2026-09-08: 60/253, falhas=0
[matchday_prewarm] 2026-09-08: 70/253, falhas=0
[matchday_prewarm] 2026-09-08: 80/253, falhas=0
[matchday_prewarm] 2026-09-08: 90/253, falhas=0
[matchday_prewarm] 2026-09-08: 100/253, falhas=0
[matchday_prewarm] 2026-09-08: 110/253, falhas=0
[matchday_prewarm] 2026-09-08: 120/253, falhas=0
[matchday_prewarm] 2026-09-08: 130/253, falhas=0
[matchday_prewarm] 2026-09-08: 140/253, falhas=0
[matchday_prewarm] 2026-09-08: 150/253, falhas=0
[matchday_prewarm] 2026-09-08: 160/253, falhas=0
[matchday_prewarm] 2026-09-08: 170/253, falhas=0
[matchday_prewarm] 2026-09-08: 180/253, falhas=0
[matchday_prewarm] 2026-09-08: 190/253, falhas=0
[matchday_prewarm] 2026-09-08: 200/253, falhas=0
[matchday_prewarm] 2026-09-08: 210/253, falhas=0
[matchday_prewarm] 2026-09-08: 220/253, falhas=0
[matchday_prewarm] 2026-09-08: 230/253, falhas=0
[matchday_prewarm] 2026-09-08: 240/253, falhas=0
[matchday_prewarm] 2026-09-08: 250/253, falhas=0
[matchday_prewarm] 2026-09-08: completo=True entradas=253/253 falhas=0
[matchday_prewarm] iniciando índice leve de 2026-09-08
[scraper] Challenge liberado. Sessao persistente ativa.
[matchday_prewarm] 2026-09-08: 10/295, falhas=0
[matchday_prewarm] 2026-09-08: 20/295, falhas=0
[matchday_prewarm] 2026-09-08: 30/295, falhas=0
[matchday_prewarm] 2026-09-08: 40/295, falhas=0
[matchday_prewarm] 2026-09-08: 50/295, falhas=0
[matchday_prewarm] 2026-09-08: 60/295, falhas=0
[matchday_prewarm] 2026-09-08: 70/295, falhas=0
[matchday_prewarm] 2026-09-08: 80/295, falhas=0
[matchday_prewarm] 2026-09-08: 90/295, falhas=0
[matchday_prewarm] 2026-09-08: 100/295, falhas=0
[matchday_prewarm] 2026-09-08: 110/295, falhas=0
[matchday_prewarm] 2026-09-08: 120/295, falhas=0
[matchday_prewarm] 2026-09-08: 130/295, falhas=0
[matchday_prewarm] 2026-09-08: 140/295, falhas=0
[matchday_prewarm] 2026-09-08: 150/295, falhas=0
[matchday_prewarm] 2026-09-08: 160/295, falhas=0
[matchday_prewarm] 2026-09-08: 170/295, falhas=0
[matchday_prewarm] 2026-09-08: 180/295, falhas=0
[matchday_prewarm] 2026-09-08: 190/295, falhas=0
[matchday_prewarm] 2026-09-08: 200/295, falhas=0
[matchday_prewarm] 2026-09-08: 210/295, falhas=0
[matchday_prewarm] 2026-09-08: 220/295, falhas=0
[matchday_prewarm] 2026-09-08: 230/295, falhas=0
[matchday_prewarm] 2026-09-08: 240/295, falhas=0
[matchday_prewarm] 2026-09-08: 250/295, falhas=0
[matchday_prewarm] 2026-09-08: 260/295, falhas=0
[matchday_prewarm] 2026-09-08: 270/295, falhas=0
[matchday_prewarm] 2026-09-08: 280/295, falhas=0
[matchday_prewarm] 2026-09-08: 290/295, falhas=0
[matchday_prewarm] 2026-09-08: completo=True entradas=295/295 falhas=0
[matchday_prewarm] iniciando índice leve de 2026-09-09
[matchday_prewarm] 2026-09-09: 10/339, falhas=0
[matchday_prewarm] 2026-09-09: 20/339, falhas=0
[matchday_prewarm] 2026-09-09: 30/339, falhas=0
[matchday_prewarm] 2026-09-09: 40/339, falhas=0
[matchday_prewarm] 2026-09-09: 50/339, falhas=0
[matchday_prewarm] 2026-09-09: 60/339, falhas=0
[matchday_prewarm] 2026-09-09: 70/339, falhas=0
[matchday_prewarm] 2026-09-09: 80/339, falhas=0
[matchday_prewarm] 2026-09-09: 90/339, falhas=0
[matchday_prewarm] 2026-09-09: 100/339, falhas=0
[matchday_prewarm] 2026-09-09: 110/339, falhas=0
[matchday_prewarm] 2026-09-09: 120/339, falhas=0
[matchday_prewarm] 2026-09-09: 130/339, falhas=0
[matchday_prewarm] 2026-09-09: 140/339, falhas=0
[matchday_prewarm] 2026-09-09: 150/339, falhas=0
[matchday_prewarm] 2026-09-09: 160/339, falhas=0
[matchday_prewarm] 2026-09-09: 170/339, falhas=0
[matchday_prewarm] 2026-09-09: 180/339, falhas=0
[matchday_prewarm] 2026-09-09: 190/339, falhas=0
[matchday_prewarm] 2026-09-09: 200/339, falhas=0
[matchday_prewarm] 2026-09-09: 210/339, falhas=0
[matchday_prewarm] 2026-09-09: 220/339, falhas=0
[matchday_prewarm] 2026-09-09: 230/339, falhas=0
[matchday_prewarm] 2026-09-09: 240/339, falhas=0
[matchday_prewarm] 2026-09-09: 250/339, falhas=0
[matchday_prewarm] 2026-09-09: 260/339, falhas=0
[matchday_prewarm] 2026-09-09: 270/339, falhas=0
[matchday_prewarm] 2026-09-09: 280/339, falhas=0
[matchday_prewarm] 2026-09-09: 290/339, falhas=0
[matchday_prewarm] 2026-09-09: 300/339, falhas=0
[matchday_prewarm] 2026-09-09: 310/339, falhas=0
[matchday_prewarm] 2026-09-09: 320/339, falhas=0
[matchday_prewarm] 2026-09-09: 330/339, falhas=0
[matchday_prewarm] 2026-09-09: completo=True entradas=339/339 falhas=0
[matchday_prewarm] iniciando índice leve de 2026-09-09
[scraper] Challenge liberado. Sessao persistente ativa.
[matchday_prewarm] 2026-09-09: 10/392, falhas=0
[matchday_prewarm] 2026-09-09: 20/392, falhas=0
[matchday_prewarm] 2026-09-09: 30/392, falhas=0
[matchday_prewarm] 2026-09-09: 40/392, falhas=0
[matchday_prewarm] 2026-09-09: 50/392, falhas=0
[matchday_prewarm] 2026-09-09: 60/392, falhas=0
[matchday_prewarm] 2026-09-09: 70/392, falhas=0
[matchday_prewarm] 2026-09-09: 80/392, falhas=0
[matchday_prewarm] 2026-09-09: 90/392, falhas=0
[matchday_prewarm] 2026-09-09: 100/392, falhas=0
[matchday_prewarm] 2026-09-09: 110/392, falhas=0
[matchday_prewarm] 2026-09-09: 120/392, falhas=0
[matchday_prewarm] 2026-09-09: 130/392, falhas=0
[matchday_prewarm] 2026-09-09: 140/392, falhas=0
[matchday_prewarm] 2026-09-09: 150/392, falhas=0
[matchday_prewarm] 2026-09-09: 160/392, falhas=0
[matchday_prewarm] 2026-09-09: 170/392, falhas=0
[matchday_prewarm] 2026-09-09: 180/392, falhas=0
[matchday_prewarm] 2026-09-09: 190/392, falhas=0
[matchday_prewarm] 2026-09-09: 200/392, falhas=0
[matchday_prewarm] 2026-09-09: 210/392, falhas=0
[matchday_prewarm] 2026-09-09: 220/392, falhas=0
[matchday_prewarm] 2026-09-09: 230/392, falhas=0
[matchday_prewarm] 2026-09-09: 240/392, falhas=0
[matchday_prewarm] 2026-09-09: 250/392, falhas=0
[matchday_prewarm] 2026-09-09: 260/392, falhas=0
[matchday_prewarm] 2026-09-09: 270/392, falhas=0
[matchday_prewarm] 2026-09-09: 280/392, falhas=0
[matchday_prewarm] 2026-09-09: 290/392, falhas=0
[matchday_prewarm] 2026-09-09: 300/392, falhas=0
[matchday_prewarm] 2026-09-09: 310/392, falhas=0
[matchday_prewarm] 2026-09-09: 320/392, falhas=0
[matchday_prewarm] 2026-09-09: 330/392, falhas=0
[matchday_prewarm] 2026-09-09: 340/392, falhas=0
[matchday_prewarm] 2026-09-09: 350/392, falhas=0
[matchday_prewarm] 2026-09-09: 360/392, falhas=0
[matchday_prewarm] 2026-09-09: 370/392, falhas=0
[matchday_prewarm] 2026-09-09: 380/392, falhas=0
[matchday_prewarm] 2026-09-09: 390/392, falhas=0
[matchday_prewarm] 2026-09-09: completo=True entradas=392/392 falhas=0
[matchday_prewarm] iniciando índice leve de 2026-09-10
[matchday_prewarm] 2026-09-10: 10/165, falhas=0
[matchday_prewarm] 2026-09-10: 20/165, falhas=0
[matchday_prewarm] 2026-09-10: 30/165, falhas=0
[matchday_prewarm] 2026-09-10: 40/165, falhas=0
[matchday_prewarm] 2026-09-10: 50/165, falhas=0
[matchday_prewarm] 2026-09-10: 60/165, falhas=0
[matchday_prewarm] 2026-09-10: 70/165, falhas=0
[matchday_prewarm] 2026-09-10: 80/165, falhas=0
[matchday_prewarm] 2026-09-10: 90/165, falhas=0
[matchday_prewarm] 2026-09-10: 100/165, falhas=0
[matchday_prewarm] 2026-09-10: 110/165, falhas=0
[matchday_prewarm] 2026-09-10: 120/165, falhas=0
[matchday_prewarm] 2026-09-10: 130/165, falhas=0
[matchday_prewarm] 2026-09-10: 140/165, falhas=0
[matchday_prewarm] 2026-09-10: 150/165, falhas=0
[matchday_prewarm] 2026-09-10: 160/165, falhas=0
[matchday_prewarm] 2026-09-10: completo=True entradas=165/165 falhas=0
[matchday_prewarm] iniciando índice leve de 2026-09-10
[scraper] Challenge liberado. Sessao persistente ativa.
[matchday_prewarm] 2026-09-10: 10/196, falhas=0
[matchday_prewarm] 2026-09-10: 20/196, falhas=0
[matchday_prewarm] 2026-09-10: 30/196, falhas=0
[matchday_prewarm] 2026-09-10: 40/196, falhas=0
[matchday_prewarm] 2026-09-10: 50/196, falhas=0
[matchday_prewarm] 2026-09-10: 60/196, falhas=0
[matchday_prewarm] 2026-09-10: 70/196, falhas=0
[matchday_prewarm] 2026-09-10: 80/196, falhas=0
[matchday_prewarm] 2026-09-10: 90/196, falhas=0
[matchday_prewarm] 2026-09-10: 100/196, falhas=0
[matchday_prewarm] 2026-09-10: 110/196, falhas=0
[matchday_prewarm] 2026-09-10: 120/196, falhas=0
[matchday_prewarm] 2026-09-10: 130/196, falhas=0
[matchday_prewarm] 2026-09-10: 140/196, falhas=0
[matchday_prewarm] 2026-09-10: 150/196, falhas=0
[matchday_prewarm] 2026-09-10: 160/196, falhas=0
[matchday_prewarm] 2026-09-10: 170/196, falhas=0
[matchday_prewarm] 2026-09-10: 180/196, falhas=0
[matchday_prewarm] 2026-09-10: 190/196, falhas=0
[matchday_prewarm] 2026-09-10: completo=True entradas=196/196 falhas=0
[matchday_prewarm] iniciando índice leve de 2026-09-11
[matchday_prewarm] 2026-09-11: 10/491, falhas=0
[matchday_prewarm] 2026-09-11: 20/491, falhas=0
[matchday_prewarm] 2026-09-11: 30/491, falhas=0
[matchday_prewarm] 2026-09-11: 40/491, falhas=0
[matchday_prewarm] 2026-09-11: 50/491, falhas=0
[matchday_prewarm] 2026-09-11: 60/491, falhas=0
[matchday_prewarm] 2026-09-11: 70/491, falhas=0
[matchday_prewarm] 2026-09-11: 80/491, falhas=0
[matchday_prewarm] 2026-09-11: 90/491, falhas=0
[matchday_prewarm] 2026-09-11: 100/491, falhas=0
[matchday_prewarm] 2026-09-11: 110/491, falhas=0
[matchday_prewarm] 2026-09-11: 120/491, falhas=0
[matchday_prewarm] 2026-09-11: 130/491, falhas=0
[matchday_prewarm] 2026-09-11: 140/491, falhas=0
[matchday_prewarm] 2026-09-11: 150/491, falhas=0
[matchday_prewarm] 2026-09-11: 160/491, falhas=0
[matchday_prewarm] 2026-09-11: 170/491, falhas=0
[matchday_prewarm] 2026-09-11: 180/491, falhas=0
[matchday_prewarm] 2026-09-11: 190/491, falhas=0
[matchday_prewarm] 2026-09-11: 200/491, falhas=0
[matchday_prewarm] 2026-09-11: 210/491, falhas=0
[matchday_prewarm] 2026-09-11: 220/491, falhas=0
[matchday_prewarm] 2026-09-11: 230/491, falhas=0
[matchday_prewarm] 2026-09-11: 240/491, falhas=0
[matchday_prewarm] 2026-09-11: 250/491, falhas=0
[matchday_prewarm] 2026-09-11: 260/491, falhas=0
[matchday_prewarm] 2026-09-11: 270/491, falhas=0
[matchday_prewarm] 2026-09-11: 280/491, falhas=0
[matchday_prewarm] 2026-09-11: 290/491, falhas=0
[matchday_prewarm] 2026-09-11: 300/491, falhas=0
[matchday_prewarm] 2026-09-11: 310/491, falhas=0
[matchday_prewarm] 2026-09-11: 320/491, falhas=0
[matchday_prewarm] 2026-09-11: 330/491, falhas=0
[matchday_prewarm] 2026-09-11: 340/491, falhas=0
[matchday_prewarm] 2026-09-11: 350/491, falhas=0
[matchday_prewarm] 2026-09-11: 360/491, falhas=0
[matchday_prewarm] 2026-09-11: 370/491, falhas=0
[matchday_prewarm] 2026-09-11: 380/491, falhas=0
[matchday_prewarm] 2026-09-11: 390/491, falhas=0
[matchday_prewarm] 2026-09-11: 400/491, falhas=0
[matchday_prewarm] 2026-09-11: 410/491, falhas=0
[matchday_prewarm] 2026-09-11: 420/491, falhas=0
[matchday_prewarm] 2026-09-11: 430/491, falhas=0
[matchday_prewarm] 2026-09-11: 440/491, falhas=0
[matchday_prewarm] 2026-09-11: 450/491, falhas=0
[matchday_prewarm] 2026-09-11: 460/491, falhas=0
[matchday_prewarm] 2026-09-11: 470/491, falhas=0
[matchday_prewarm] 2026-09-11: 480/491, falhas=0
[matchday_prewarm] 2026-09-11: 490/491, falhas=0
[matchday_prewarm] 2026-09-11: completo=True entradas=491/491 falhas=0
[matchday_prewarm] iniciando índice leve de 2026-09-11
[scraper] Challenge liberado. Sessao persistente ativa.
[matchday_prewarm] 2026-09-11: 10/532, falhas=0
[matchday_prewarm] 2026-09-11: 20/532, falhas=0
[matchday_prewarm] 2026-09-11: 30/532, falhas=0
[matchday_prewarm] 2026-09-11: 40/532, falhas=0
[matchday_prewarm] 2026-09-11: 50/532, falhas=0
[matchday_prewarm] 2026-09-11: 60/532, falhas=0
[matchday_prewarm] 2026-09-11: 70/532, falhas=0
[matchday_prewarm] 2026-09-11: 80/532, falhas=0
[matchday_prewarm] 2026-09-11: 90/532, falhas=0
[matchday_prewarm] 2026-09-11: 100/532, falhas=0
[matchday_prewarm] 2026-09-11: 110/532, falhas=0
[matchday_prewarm] 2026-09-11: 120/532, falhas=0
[matchday_prewarm] 2026-09-11: 130/532, falhas=0
[matchday_prewarm] 2026-09-11: 140/532, falhas=0
[matchday_prewarm] 2026-09-11: 150/532, falhas=0
[matchday_prewarm] 2026-09-11: 160/532, falhas=0
[matchday_prewarm] 2026-09-11: 170/532, falhas=0
[matchday_prewarm] 2026-09-11: 180/532, falhas=0
[matchday_prewarm] 2026-09-11: 190/532, falhas=0
[matchday_prewarm] 2026-09-11: 200/532, falhas=0
[matchday_prewarm] 2026-09-11: 210/532, falhas=0
[matchday_prewarm] 2026-09-11: 220/532, falhas=0
[matchday_prewarm] 2026-09-11: 230/532, falhas=0
[matchday_prewarm] 2026-09-11: 240/532, falhas=0
[matchday_prewarm] 2026-09-11: 250/532, falhas=0
[matchday_prewarm] 2026-09-11: 260/532, falhas=0
[matchday_prewarm] 2026-09-11: 270/532, falhas=0
[matchday_prewarm] 2026-09-11: 280/532, falhas=0
[matchday_prewarm] 2026-09-11: 290/532, falhas=0
[matchday_prewarm] 2026-09-11: 300/532, falhas=0
[matchday_prewarm] 2026-09-11: 310/532, falhas=0
[matchday_prewarm] 2026-09-11: 320/532, falhas=0
[matchday_prewarm] 2026-09-11: 330/532, falhas=0
[matchday_prewarm] 2026-09-11: 340/532, falhas=0
[matchday_prewarm] 2026-09-11: 350/532, falhas=0
[matchday_prewarm] 2026-09-11: 360/532, falhas=0
[matchday_prewarm] 2026-09-11: 370/532, falhas=0
[matchday_prewarm] 2026-09-11: 380/532, falhas=0
[matchday_prewarm] 2026-09-11: 390/532, falhas=0
[matchday_prewarm] 2026-09-11: 400/532, falhas=0
[matchday_prewarm] 2026-09-11: 410/532, falhas=0
[matchday_prewarm] 2026-09-11: 420/532, falhas=0
[matchday_prewarm] 2026-09-11: 430/532, falhas=0
[matchday_prewarm] 2026-09-11: 440/532, falhas=0
[matchday_prewarm] 2026-09-11: 450/532, falhas=0
[matchday_prewarm] 2026-09-11: 460/532, falhas=0
[matchday_prewarm] 2026-09-11: 470/532, falhas=0
[matchday_prewarm] 2026-09-11: 480/532, falhas=0
[matchday_prewarm] 2026-09-11: 490/532, falhas=0
[matchday_prewarm] 2026-09-11: 500/532, falhas=0
[matchday_prewarm] 2026-09-11: 510/532, falhas=0
[matchday_prewarm] 2026-09-11: 520/532, falhas=0
[matchday_prewarm] 2026-09-11: 530/532, falhas=0
[matchday_prewarm] 2026-09-11: completo=True entradas=532/532 falhas=0
[matchday_prewarm] iniciando índice leve de 2026-09-12
[matchday_prewarm] 2026-09-12: 10/1627, falhas=0
[matchday_prewarm] 2026-09-12: 20/1627, falhas=0
[matchday_prewarm] 2026-09-12: 30/1627, falhas=0
[matchday_prewarm] 2026-09-12: 40/1627, falhas=0
[matchday_prewarm] 2026-09-12: 50/1627, falhas=0
[matchday_prewarm] 2026-09-12: 60/1627, falhas=0
[matchday_prewarm] 2026-09-12: 70/1627, falhas=0
[matchday_prewarm] 2026-09-12: 80/1627, falhas=0
[matchday_prewarm] 2026-09-12: 90/1627, falhas=0
[matchday_prewarm] 2026-09-12: 100/1627, falhas=0
[matchday_prewarm] 2026-09-12: 110/1627, falhas=0
[matchday_prewarm] 2026-09-12: 120/1627, falhas=0
[matchday_prewarm] 2026-09-12: 130/1627, falhas=0
[matchday_prewarm] 2026-09-12: 140/1627, falhas=0
[matchday_prewarm] 2026-09-12: 150/1627, falhas=0
[matchday_prewarm] 2026-09-12: 160/1627, falhas=0
[matchday_prewarm] 2026-09-12: 170/1627, falhas=0
[matchday_prewarm] 2026-09-12: 180/1627, falhas=0
[matchday_prewarm] 2026-09-12: 190/1627, falhas=0
[matchday_prewarm] 2026-09-12: 200/1627, falhas=0
[matchday_prewarm] 2026-09-12: 210/1627, falhas=0
[matchday_prewarm] 2026-09-12: 220/1627, falhas=0
[matchday_prewarm] 2026-09-12: 230/1627, falhas=0
[matchday_prewarm] 2026-09-12: 240/1627, falhas=0
[matchday_prewarm] 2026-09-12: 250/1627, falhas=0
[matchday_prewarm] 2026-09-12: 260/1627, falhas=0
[matchday_prewarm] 2026-09-12: 270/1627, falhas=0
[matchday_prewarm] 2026-09-12: 280/1627, falhas=0
[matchday_prewarm] 2026-09-12: 290/1627, falhas=0
[matchday_prewarm] 2026-09-12: 300/1627, falhas=0
[matchday_prewarm] 2026-09-12: 310/1627, falhas=0
[matchday_prewarm] 2026-09-12: 320/1627, falhas=0
[matchday_prewarm] 2026-09-12: 330/1627, falhas=0
[matchday_prewarm] 2026-09-12: 340/1627, falhas=0
[matchday_prewarm] 2026-09-12: 350/1627, falhas=0
[matchday_prewarm] 2026-09-12: 360/1627, falhas=0
[matchday_prewarm] 2026-09-12: 370/1627, falhas=0
[matchday_prewarm] 2026-09-12: 380/1627, falhas=0
[matchday_prewarm] 2026-09-12: 390/1627, falhas=0
[matchday_prewarm] 2026-09-12: 400/1627, falhas=0
[matchday_prewarm] 2026-09-12: 410/1627, falhas=0
[matchday_prewarm] 2026-09-12: 420/1627, falhas=0
[matchday_prewarm] 2026-09-12: 430/1627, falhas=0
[matchday_prewarm] 2026-09-12: 440/1627, falhas=0
[matchday_prewarm] 2026-09-12: 450/1627, falhas=0
[matchday_prewarm] 2026-09-12: 460/1627, falhas=0
[matchday_prewarm] 2026-09-12: 470/1627, falhas=0
[matchday_prewarm] 2026-09-12: 480/1627, falhas=0
[matchday_prewarm] 2026-09-12: 490/1627, falhas=0
[matchday_prewarm] 2026-09-12: 500/1627, falhas=0
[matchday_prewarm] 2026-09-12: 510/1627, falhas=0
[matchday_prewarm] 2026-09-12: 520/1627, falhas=0
[matchday_prewarm] 2026-09-12: 530/1627, falhas=0
[matchday_prewarm] 2026-09-12: 540/1627, falhas=0
[matchday_prewarm] 2026-09-12: 550/1627, falhas=0
[matchday_prewarm] 2026-09-12: 560/1627, falhas=0
[matchday_prewarm] 2026-09-12: 570/1627, falhas=0
[matchday_prewarm] 2026-09-12: 580/1627, falhas=0
[matchday_prewarm] 2026-09-12: 590/1627, falhas=0
[matchday_prewarm] 2026-09-12: 600/1627, falhas=0
[matchday_prewarm] 2026-09-12: 610/1627, falhas=0
[matchday_prewarm] 2026-09-12: 620/1627, falhas=0
[matchday_prewarm] 2026-09-12: 630/1627, falhas=0
[matchday_prewarm] 2026-09-12: 640/1627, falhas=0
[matchday_prewarm] 2026-09-12: 650/1627, falhas=0
[matchday_prewarm] 2026-09-12: 660/1627, falhas=0
[matchday_prewarm] 2026-09-12: 670/1627, falhas=0
Killed
[matchday_prewarm] iniciando índice leve de 2026-09-12
[scraper] Challenge liberado. Sessao persistente ativa.
[matchday_prewarm] 2026-09-12: 10/1440, falhas=0
[matchday_prewarm] 2026-09-12: 20/1440, falhas=0
[matchday_prewarm] 2026-09-12: 30/1440, falhas=0
[matchday_prewarm] 2026-09-12: 40/1440, falhas=0
[matchday_prewarm] 2026-09-12: 50/1440, falhas=0
[matchday_prewarm] 2026-09-12: 60/1440, falhas=0
[matchday_prewarm] 2026-09-12: 70/1440, falhas=0
[matchday_prewarm] 2026-09-12: 80/1440, falhas=0
[matchday_prewarm] 2026-09-12: 90/1440, falhas=0
[matchday_prewarm] 2026-09-12: 100/1440, falhas=0
[matchday_prewarm] 2026-09-12: 110/1440, falhas=0
[matchday_prewarm] 2026-09-12: 120/1440, falhas=0
[matchday_prewarm] 2026-09-12: 130/1440, falhas=0
[matchday_prewarm] 2026-09-12: 140/1440, falhas=0
[matchday_prewarm] 2026-09-12: 150/1440, falhas=0
[matchday_prewarm] 2026-09-12: 160/1440, falhas=0
[matchday_prewarm] 2026-09-12: 170/1440, falhas=0
[matchday_prewarm] 2026-09-12: 180/1440, falhas=0
[matchday_prewarm] 2026-09-12: 190/1440, falhas=0
[matchday_prewarm] 2026-09-12: 200/1440, falhas=0
[matchday_prewarm] 2026-09-12: 210/1440, falhas=0
[matchday_prewarm] 2026-09-12: 220/1440, falhas=0
[matchday_prewarm] 2026-09-12: 230/1440, falhas=0
[matchday_prewarm] 2026-09-12: 240/1440, falhas=0
[matchday_prewarm] 2026-09-12: 250/1440, falhas=0
[matchday_prewarm] 2026-09-12: 260/1440, falhas=0
[matchday_prewarm] 2026-09-12: 270/1440, falhas=0
[matchday_prewarm] 2026-09-12: 280/1440, falhas=0
[matchday_prewarm] 2026-09-12: 290/1440, falhas=0
[matchday_prewarm] 2026-09-12: 300/1440, falhas=0
[matchday_prewarm] 2026-09-12: 310/1440, falhas=0
[matchday_prewarm] 2026-09-12: 320/1440, falhas=0
[matchday_prewarm] 2026-09-12: 330/1440, falhas=0
[matchday_prewarm] 2026-09-12: 340/1440, falhas=0
[matchday_prewarm] 2026-09-12: 350/1440, falhas=0
[matchday_prewarm] 2026-09-12: 360/1440, falhas=0
[matchday_prewarm] 2026-09-12: 370/1440, falhas=0
[matchday_prewarm] 2026-09-12: 380/1440, falhas=0
[matchday_prewarm] 2026-09-12: 390/1440, falhas=0
[matchday_prewarm] 2026-09-12: 400/1440, falhas=0
[matchday_prewarm] 2026-09-12: 410/1440, falhas=0
[matchday_prewarm] 2026-09-12: 420/1440, falhas=0
[matchday_prewarm] 2026-09-12: 430/1440, falhas=0
[matchday_prewarm] 2026-09-12: 440/1440, falhas=0
[matchday_prewarm] 2026-09-12: 450/1440, falhas=0
[matchday_prewarm] 2026-09-12: 460/1440, falhas=0
[matchday_prewarm] 2026-09-12: 470/1440, falhas=0
[matchday_prewarm] 2026-09-12: 480/1440, falhas=0
[matchday_prewarm] 2026-09-12: 490/1440, falhas=0
[matchday_prewarm] 2026-09-12: 500/1440, falhas=0
[matchday_prewarm] 2026-09-12: 510/1440, falhas=0
[matchday_prewarm] 2026-09-12: 520/1440, falhas=0
[matchday_prewarm] 2026-09-12: 530/1440, falhas=0
[matchday_prewarm] 2026-09-12: 540/1440, falhas=0
[matchday_prewarm] 2026-09-12: 550/1440, falhas=0
[matchday_prewarm] 2026-09-12: 560/1440, falhas=0
[matchday_prewarm] 2026-09-12: 570/1440, falhas=0
[matchday_prewarm] 2026-09-12: 580/1440, falhas=0
[matchday_prewarm] 2026-09-12: 590/1440, falhas=0
[matchday_prewarm] 2026-09-12: 600/1440, falhas=0
[matchday_prewarm] 2026-09-12: 610/1440, falhas=0
[matchday_prewarm] 2026-09-12: 620/1440, falhas=0
[matchday_prewarm] 2026-09-12: 630/1440, falhas=0
[matchday_prewarm] 2026-09-12: 640/1440, falhas=0
[matchday_prewarm] 2026-09-12: 650/1440, falhas=0
[matchday_prewarm] 2026-09-12: 660/1440, falhas=0
[matchday_prewarm] 2026-09-12: 670/1440, falhas=0
[matchday_prewarm] 2026-09-12: 680/1440, falhas=0
[matchday_prewarm] 2026-09-12: 690/1440, falhas=0
[matchday_prewarm] 2026-09-12: 700/1440, falhas=0
[matchday_prewarm] 2026-09-12: 710/1440, falhas=0
[matchday_prewarm] 2026-09-12: 720/1440, falhas=0
[matchday_prewarm] 2026-09-12: 730/1440, falhas=0
[matchday_prewarm] 2026-09-12: 740/1440, falhas=0
[matchday_prewarm] 2026-09-12: 750/1440, falhas=0
[matchday_prewarm] 2026-09-12: 760/1440, falhas=0
[matchday_prewarm] 2026-09-12: 770/1440, falhas=0
[matchday_prewarm] 2026-09-12: 780/1440, falhas=0
[matchday_prewarm] 2026-09-12: 790/1440, falhas=0
[matchday_prewarm] 2026-09-12: 800/1440, falhas=0
[matchday_prewarm] 2026-09-12: 810/1440, falhas=0
[matchday_prewarm] 2026-09-12: 820/1440, falhas=0
[matchday_prewarm] 2026-09-12: 830/1440, falhas=0
[matchday_prewarm] 2026-09-12: 840/1440, falhas=0
[matchday_prewarm] 2026-09-12: 850/1440, falhas=0
[matchday_prewarm] 2026-09-12: 860/1440, falhas=0
[matchday_prewarm] 2026-09-12: 870/1440, falhas=0
[matchday_prewarm] 2026-09-12: 880/1440, falhas=0
[matchday_prewarm] 2026-09-12: 890/1440, falhas=0
[matchday_prewarm] 2026-09-12: 900/1440, falhas=0
[matchday_prewarm] 2026-09-12: 910/1440, falhas=0
[matchday_prewarm] 2026-09-12: 920/1440, falhas=0
[matchday_prewarm] 2026-09-12: 930/1440, falhas=0
[matchday_prewarm] 2026-09-12: 940/1440, falhas=0
[matchday_prewarm] 2026-09-12: 950/1440, falhas=0
[matchday_prewarm] 2026-09-12: 960/1440, falhas=0
[matchday_prewarm] 2026-09-12: 970/1440, falhas=0
[matchday_prewarm] 2026-09-12: 980/1440, falhas=0
[matchday_prewarm] 2026-09-12: 990/1440, falhas=0
[matchday_prewarm] 2026-09-12: 1000/1440, falhas=0
[matchday_prewarm] 2026-09-12: 1010/1440, falhas=0
[matchday_prewarm] 2026-09-12: 1020/1440, falhas=0
[matchday_prewarm] 2026-09-12: 1030/1440, falhas=0
[matchday_prewarm] 2026-09-12: 1040/1440, falhas=0
[matchday_prewarm] 2026-09-12: 1050/1440, falhas=0
[matchday_prewarm] 2026-09-12: 1060/1440, falhas=0
[matchday_prewarm] 2026-09-12: 1070/1440, falhas=0
[matchday_prewarm] 2026-09-12: 1080/1440, falhas=0
[matchday_prewarm] 2026-09-12: 1090/1440, falhas=0
[matchday_prewarm] 2026-09-12: 1100/1440, falhas=0
[matchday_prewarm] 2026-09-12: 1110/1440, falhas=0
[matchday_prewarm] 2026-09-12: 1120/1440, falhas=0
[matchday_prewarm] 2026-09-12: 1130/1440, falhas=0
[matchday_prewarm] 2026-09-12: 1140/1440, falhas=0
[matchday_prewarm] 2026-09-12: 1150/1440, falhas=0
[matchday_prewarm] 2026-09-12: 1160/1440, falhas=0
[matchday_prewarm] 2026-09-12: 1170/1440, falhas=0
[matchday_prewarm] 2026-09-12: 1180/1440, falhas=0
[matchday_prewarm] 2026-09-12: 1190/1440, falhas=0
[matchday_prewarm] 2026-09-12: 1200/1440, falhas=0
[matchday_prewarm] 2026-09-12: 1210/1440, falhas=0
[matchday_prewarm] 2026-09-12: 1220/1440, falhas=0
[matchday_prewarm] 2026-09-12: 1230/1440, falhas=0
[matchday_prewarm] 2026-09-12: 1240/1440, falhas=0
[matchday_prewarm] 2026-09-12: 1250/1440, falhas=0
[matchday_prewarm] 2026-09-12: 1260/1440, falhas=0
[matchday_prewarm] 2026-09-12: 1270/1440, falhas=0
[matchday_prewarm] 2026-09-12: 1280/1440, falhas=0
[matchday_prewarm] 2026-09-12: 1290/1440, falhas=0
[matchday_prewarm] 2026-09-12: 1300/1440, falhas=0
[matchday_prewarm] 2026-09-12: 1310/1440, falhas=0
[matchday_prewarm] 2026-09-12: 1320/1440, falhas=0
[scraper] Cloudflare detectado. Tentando clicar no checkbox automaticamente...
[scraper] Challenge liberado. Sessao persistente ativa.
[matchday_prewarm] 2026-09-12: 1330/1440, falhas=0
[matchday_prewarm] 2026-09-12: 1340/1440, falhas=0
[matchday_prewarm] 2026-09-12: 1350/1440, falhas=0
[matchday_prewarm] 2026-09-12: 1360/1440, falhas=0
[matchday_prewarm] 2026-09-12: 1370/1440, falhas=0
[matchday_prewarm] 2026-09-12: 1380/1440, falhas=0
[matchday_prewarm] 2026-09-12: 1390/1440, falhas=0
[matchday_prewarm] 2026-09-12: 1400/1440, falhas=0
[matchday_prewarm] 2026-09-12: 1410/1440, falhas=0
[matchday_prewarm] 2026-09-12: 1420/1440, falhas=0
[matchday_prewarm] 2026-09-12: 1430/1440, falhas=0
[matchday_prewarm] 2026-09-12: 1440/1440, falhas=0
[matchday_prewarm] 2026-09-12: completo=True entradas=1440/1440 falhas=0
[matchday_prewarm] iniciando índice leve de 2026-09-13
[matchday_prewarm] 2026-09-13: 10/1211, falhas=0
[matchday_prewarm] 2026-09-13: 20/1211, falhas=0
[matchday_prewarm] 2026-09-13: 30/1211, falhas=0
[matchday_prewarm] 2026-09-13: 40/1211, falhas=0
[matchday_prewarm] 2026-09-13: 50/1211, falhas=0
[matchday_prewarm] 2026-09-13: 60/1211, falhas=0
[matchday_prewarm] 2026-09-13: 70/1211, falhas=0
[matchday_prewarm] 2026-09-13: 80/1211, falhas=0
[matchday_prewarm] 2026-09-13: 90/1211, falhas=0
[matchday_prewarm] 2026-09-13: 100/1211, falhas=0
[matchday_prewarm] 2026-09-13: 110/1211, falhas=0
[matchday_prewarm] 2026-09-13: 120/1211, falhas=0
[matchday_prewarm] 2026-09-13: 130/1211, falhas=0
[matchday_prewarm] 2026-09-13: 140/1211, falhas=0
[matchday_prewarm] 2026-09-13: 150/1211, falhas=0
[matchday_prewarm] 2026-09-13: 160/1211, falhas=0
[matchday_prewarm] 2026-09-13: 170/1211, falhas=0
[matchday_prewarm] 2026-09-13: 180/1211, falhas=0
[matchday_prewarm] 2026-09-13: 190/1211, falhas=0
[matchday_prewarm] 2026-09-13: 200/1211, falhas=0
[matchday_prewarm] 2026-09-13: 210/1211, falhas=0
[matchday_prewarm] 2026-09-13: 220/1211, falhas=0
[matchday_prewarm] 2026-09-13: 230/1211, falhas=0
[matchday_prewarm] 2026-09-13: 240/1211, falhas=0
[matchday_prewarm] 2026-09-13: 250/1211, falhas=0
[matchday_prewarm] 2026-09-13: 260/1211, falhas=0
[matchday_prewarm] 2026-09-13: 270/1211, falhas=0
[matchday_prewarm] 2026-09-13: 280/1211, falhas=0
[matchday_prewarm] 2026-09-13: 290/1211, falhas=0
[matchday_prewarm] 2026-09-13: 300/1211, falhas=0
[matchday_prewarm] 2026-09-13: 310/1211, falhas=0
[matchday_prewarm] 2026-09-13: 320/1211, falhas=0
[matchday_prewarm] 2026-09-13: 330/1211, falhas=0
[matchday_prewarm] 2026-09-13: 340/1211, falhas=0
[matchday_prewarm] 2026-09-13: 350/1211, falhas=0
[matchday_prewarm] 2026-09-13: 360/1211, falhas=0
[matchday_prewarm] 2026-09-13: 370/1211, falhas=0
[matchday_prewarm] 2026-09-13: 380/1211, falhas=0
[matchday_prewarm] 2026-09-13: 390/1211, falhas=0
[matchday_prewarm] 2026-09-13: 400/1211, falhas=0
[matchday_prewarm] 2026-09-13: 410/1211, falhas=0
[matchday_prewarm] 2026-09-13: 420/1211, falhas=0
[matchday_prewarm] 2026-09-13: 430/1211, falhas=0
[matchday_prewarm] 2026-09-13: 440/1211, falhas=0
[matchday_prewarm] 2026-09-13: 450/1211, falhas=0
[matchday_prewarm] 2026-09-13: 460/1211, falhas=0
[matchday_prewarm] 2026-09-13: 470/1211, falhas=0
[matchday_prewarm] 2026-09-13: 480/1211, falhas=0
[matchday_prewarm] 2026-09-13: 490/1211, falhas=0
[matchday_prewarm] 2026-09-13: 500/1211, falhas=0
[matchday_prewarm] 2026-09-13: 510/1211, falhas=0
[matchday_prewarm] 2026-09-13: 520/1211, falhas=0
[matchday_prewarm] 2026-09-13: 530/1211, falhas=0
[matchday_prewarm] 2026-09-13: 540/1211, falhas=0
[matchday_prewarm] 2026-09-13: 550/1211, falhas=0
[matchday_prewarm] 2026-09-13: 560/1211, falhas=0
[matchday_prewarm] 2026-09-13: 570/1211, falhas=0
[matchday_prewarm] 2026-09-13: 580/1211, falhas=0
[matchday_prewarm] 2026-09-13: 590/1211, falhas=0
[matchday_prewarm] 2026-09-13: 600/1211, falhas=0
[matchday_prewarm] 2026-09-13: 610/1211, falhas=0
[matchday_prewarm] 2026-09-13: 620/1211, falhas=0
[matchday_prewarm] 2026-09-13: 630/1211, falhas=0
[matchday_prewarm] 2026-09-13: 640/1211, falhas=0
[matchday_prewarm] 2026-09-13: 650/1211, falhas=0
[matchday_prewarm] 2026-09-13: 660/1211, falhas=0
[matchday_prewarm] 2026-09-13: 670/1211, falhas=0
[matchday_prewarm] 2026-09-13: 680/1211, falhas=0
[matchday_prewarm] 2026-09-13: 690/1211, falhas=0
[matchday_prewarm] 2026-09-13: 700/1211, falhas=0
[matchday_prewarm] 2026-09-13: 710/1211, falhas=0
[matchday_prewarm] 2026-09-13: 720/1211, falhas=0
[matchday_prewarm] 2026-09-13: 730/1211, falhas=0
[matchday_prewarm] 2026-09-13: 740/1211, falhas=0
[matchday_prewarm] 2026-09-13: 750/1211, falhas=0
[matchday_prewarm] 2026-09-13: 760/1211, falhas=0
[matchday_prewarm] 2026-09-13: 770/1211, falhas=0
[matchday_prewarm] 2026-09-13: 780/1211, falhas=0
[matchday_prewarm] 2026-09-13: 790/1211, falhas=0
[matchday_prewarm] 2026-09-13: 800/1211, falhas=0
[matchday_prewarm] 2026-09-13: 810/1211, falhas=0
[matchday_prewarm] 2026-09-13: 820/1211, falhas=0
[matchday_prewarm] 2026-09-13: 830/1211, falhas=0
[matchday_prewarm] 2026-09-13: 840/1211, falhas=0
[matchday_prewarm] 2026-09-13: 850/1211, falhas=0
[matchday_prewarm] 2026-09-13: 860/1211, falhas=0
[matchday_prewarm] 2026-09-13: 870/1211, falhas=0
[matchday_prewarm] 2026-09-13: 880/1211, falhas=0
[matchday_prewarm] 2026-09-13: 890/1211, falhas=0
[matchday_prewarm] 2026-09-13: 900/1211, falhas=0
[matchday_prewarm] 2026-09-13: 910/1211, falhas=0
[matchday_prewarm] 2026-09-13: 920/1211, falhas=0
[matchday_prewarm] 2026-09-13: 930/1211, falhas=0
[matchday_prewarm] 2026-09-13: 940/1211, falhas=0
[matchday_prewarm] 2026-09-13: 950/1211, falhas=0
[matchday_prewarm] 2026-09-13: 960/1211, falhas=0
[matchday_prewarm] 2026-09-13: 970/1211, falhas=0
[matchday_prewarm] 2026-09-13: 980/1211, falhas=0
[matchday_prewarm] 2026-09-13: 990/1211, falhas=0
[matchday_prewarm] 2026-09-13: 1000/1211, falhas=0
[matchday_prewarm] 2026-09-13: 1010/1211, falhas=0
[matchday_prewarm] 2026-09-13: 1020/1211, falhas=0
[matchday_prewarm] 2026-09-13: 1030/1211, falhas=0
[matchday_prewarm] 2026-09-13: 1040/1211, falhas=0
[matchday_prewarm] 2026-09-13: 1050/1211, falhas=0
[matchday_prewarm] 2026-09-13: 1060/1211, falhas=0
[matchday_prewarm] 2026-09-13: 1070/1211, falhas=0
[matchday_prewarm] 2026-09-13: 1080/1211, falhas=0
[matchday_prewarm] 2026-09-13: 1090/1211, falhas=0
[matchday_prewarm] 2026-09-13: 1100/1211, falhas=0
[matchday_prewarm] 2026-09-13: 1110/1211, falhas=0
[matchday_prewarm] 2026-09-13: 1120/1211, falhas=0
[matchday_prewarm] 2026-09-13: 1130/1211, falhas=0
[matchday_prewarm] 2026-09-13: 1140/1211, falhas=0
[matchday_prewarm] 2026-09-13: 1150/1211, falhas=0
[matchday_prewarm] 2026-09-13: 1160/1211, falhas=0
[matchday_prewarm] 2026-09-13: 1170/1211, falhas=0
[matchday_prewarm] 2026-09-13: 1180/1211, falhas=0
[matchday_prewarm] 2026-09-13: 1190/1211, falhas=0
[matchday_prewarm] 2026-09-13: 1200/1211, falhas=0
[matchday_prewarm] 2026-09-13: 1210/1211, falhas=0
[matchday_prewarm] 2026-09-13: completo=True entradas=1211/1211 falhas=0
[matchday_prewarm] iniciando índice leve de 2026-09-13
[scraper] Challenge liberado. Sessao persistente ativa.
[matchday_prewarm] 2026-09-13: 10/1305, falhas=0
[matchday_prewarm] 2026-09-13: 20/1305, falhas=0
[matchday_prewarm] 2026-09-13: 30/1305, falhas=0
[matchday_prewarm] 2026-09-13: 40/1305, falhas=0
[matchday_prewarm] 2026-09-13: 50/1305, falhas=0
[matchday_prewarm] 2026-09-13: 60/1305, falhas=0
[matchday_prewarm] 2026-09-13: 70/1305, falhas=0
[matchday_prewarm] 2026-09-13: 80/1305, falhas=0
[matchday_prewarm] 2026-09-13: 90/1305, falhas=0
[matchday_prewarm] 2026-09-13: 100/1305, falhas=0
[matchday_prewarm] 2026-09-13: 110/1305, falhas=0
[matchday_prewarm] 2026-09-13: 120/1305, falhas=0
[matchday_prewarm] 2026-09-13: 130/1305, falhas=0
[matchday_prewarm] 2026-09-13: 140/1305, falhas=0
[matchday_prewarm] 2026-09-13: 150/1305, falhas=0
[matchday_prewarm] 2026-09-13: 160/1305, falhas=0
[matchday_prewarm] 2026-09-13: 170/1305, falhas=0
[matchday_prewarm] 2026-09-13: 180/1305, falhas=0
[matchday_prewarm] 2026-09-13: 190/1305, falhas=0
[matchday_prewarm] 2026-09-13: 200/1305, falhas=0
[matchday_prewarm] 2026-09-13: 210/1305, falhas=0
[matchday_prewarm] 2026-09-13: 220/1305, falhas=0
[matchday_prewarm] 2026-09-13: 230/1305, falhas=0
[matchday_prewarm] 2026-09-13: 240/1305, falhas=0
[matchday_prewarm] 2026-09-13: 250/1305, falhas=0
[matchday_prewarm] 2026-09-13: 260/1305, falhas=0
[matchday_prewarm] 2026-09-13: 270/1305, falhas=0
[matchday_prewarm] 2026-09-13: 280/1305, falhas=0
[matchday_prewarm] 2026-09-13: 290/1305, falhas=0
[matchday_prewarm] 2026-09-13: 300/1305, falhas=0
[matchday_prewarm] 2026-09-13: 310/1305, falhas=0
[matchday_prewarm] 2026-09-13: 320/1305, falhas=0
[matchday_prewarm] 2026-09-13: 330/1305, falhas=0
[matchday_prewarm] 2026-09-13: 340/1305, falhas=0
[matchday_prewarm] 2026-09-13: 350/1305, falhas=0
[matchday_prewarm] 2026-09-13: 360/1305, falhas=0
[matchday_prewarm] 2026-09-13: 370/1305, falhas=0
[matchday_prewarm] 2026-09-13: 380/1305, falhas=0
[matchday_prewarm] 2026-09-13: 390/1305, falhas=0
[matchday_prewarm] 2026-09-13: 400/1305, falhas=0
[matchday_prewarm] 2026-09-13: 410/1305, falhas=0
[matchday_prewarm] 2026-09-13: 420/1305, falhas=0
[matchday_prewarm] 2026-09-13: 430/1305, falhas=0
[matchday_prewarm] 2026-09-13: 440/1305, falhas=0
[matchday_prewarm] 2026-09-13: 450/1305, falhas=0
[matchday_prewarm] 2026-09-13: 460/1305, falhas=0
[matchday_prewarm] 2026-09-13: 470/1305, falhas=0
[matchday_prewarm] 2026-09-13: 480/1305, falhas=0
[matchday_prewarm] 2026-09-13: 490/1305, falhas=0
[matchday_prewarm] 2026-09-13: 500/1305, falhas=0
[matchday_prewarm] 2026-09-13: 510/1305, falhas=0
[matchday_prewarm] 2026-09-13: 520/1305, falhas=0
[matchday_prewarm] 2026-09-13: 530/1305, falhas=0
[matchday_prewarm] 2026-09-13: 540/1305, falhas=0
[matchday_prewarm] 2026-09-13: 550/1305, falhas=0
[matchday_prewarm] 2026-09-13: 560/1305, falhas=0
[matchday_prewarm] 2026-09-13: 570/1305, falhas=0
[matchday_prewarm] 2026-09-13: 580/1305, falhas=0
[matchday_prewarm] 2026-09-13: 590/1305, falhas=0
[matchday_prewarm] 2026-09-13: 600/1305, falhas=0
[matchday_prewarm] 2026-09-13: 610/1305, falhas=0
[matchday_prewarm] 2026-09-13: 620/1305, falhas=0
[matchday_prewarm] 2026-09-13: 630/1305, falhas=0
[matchday_prewarm] 2026-09-13: 640/1305, falhas=0
[matchday_prewarm] 2026-09-13: 650/1305, falhas=0
[matchday_prewarm] 2026-09-13: 660/1305, falhas=0
[matchday_prewarm] 2026-09-13: 670/1305, falhas=0
[matchday_prewarm] 2026-09-13: 680/1305, falhas=0
[matchday_prewarm] 2026-09-13: 690/1305, falhas=0
[matchday_prewarm] 2026-09-13: 700/1305, falhas=0
[matchday_prewarm] 2026-09-13: 710/1305, falhas=0
[matchday_prewarm] 2026-09-13: 720/1305, falhas=0
[matchday_prewarm] 2026-09-13: 730/1305, falhas=0
[matchday_prewarm] 2026-09-13: 740/1305, falhas=0
[matchday_prewarm] 2026-09-13: 750/1305, falhas=0
[matchday_prewarm] 2026-09-13: 760/1305, falhas=0
[matchday_prewarm] 2026-09-13: 770/1305, falhas=0
[matchday_prewarm] 2026-09-13: 780/1305, falhas=0
[matchday_prewarm] 2026-09-13: 790/1305, falhas=0
[matchday_prewarm] 2026-09-13: 800/1305, falhas=0
[matchday_prewarm] 2026-09-13: 810/1305, falhas=0
[matchday_prewarm] 2026-09-13: 820/1305, falhas=0
[matchday_prewarm] 2026-09-13: 830/1305, falhas=0
[matchday_prewarm] 2026-09-13: 840/1305, falhas=0
[matchday_prewarm] 2026-09-13: 850/1305, falhas=0
[matchday_prewarm] 2026-09-13: 860/1305, falhas=0
[matchday_prewarm] 2026-09-13: 870/1305, falhas=0
[matchday_prewarm] 2026-09-13: 880/1305, falhas=0
[matchday_prewarm] 2026-09-13: 890/1305, falhas=0
[matchday_prewarm] 2026-09-13: 900/1305, falhas=0
[matchday_prewarm] 2026-09-13: 910/1305, falhas=0
[matchday_prewarm] 2026-09-13: 920/1305, falhas=0
[matchday_prewarm] 2026-09-13: 930/1305, falhas=0
[matchday_prewarm] 2026-09-13: 940/1305, falhas=0
[matchday_prewarm] 2026-09-13: 950/1305, falhas=0
[matchday_prewarm] 2026-09-13: 960/1305, falhas=0
[matchday_prewarm] 2026-09-13: 970/1305, falhas=0
[matchday_prewarm] 2026-09-13: 980/1305, falhas=0
[matchday_prewarm] 2026-09-13: 990/1305, falhas=0
[matchday_prewarm] 2026-09-13: 1000/1305, falhas=0
[matchday_prewarm] 2026-09-13: 1010/1305, falhas=0
[matchday_prewarm] 2026-09-13: 1020/1305, falhas=0
[matchday_prewarm] 2026-09-13: 1030/1305, falhas=0
[matchday_prewarm] 2026-09-13: 1040/1305, falhas=0
[matchday_prewarm] 2026-09-13: 1050/1305, falhas=0
[matchday_prewarm] 2026-09-13: 1060/1305, falhas=0
[matchday_prewarm] 2026-09-13: 1070/1305, falhas=0
[matchday_prewarm] 2026-09-13: 1080/1305, falhas=0
[matchday_prewarm] 2026-09-13: 1090/1305, falhas=0
[matchday_prewarm] 2026-09-13: 1100/1305, falhas=0
[matchday_prewarm] 2026-09-13: 1110/1305, falhas=0
[matchday_prewarm] 2026-09-13: 1120/1305, falhas=0
[matchday_prewarm] 2026-09-13: 1130/1305, falhas=0
[matchday_prewarm] 2026-09-13: 1140/1305, falhas=0
[matchday_prewarm] 2026-09-13: 1150/1305, falhas=0
[matchday_prewarm] 2026-09-13: 1160/1305, falhas=0
[matchday_prewarm] 2026-09-13: 1170/1305, falhas=0
[matchday_prewarm] 2026-09-13: 1180/1305, falhas=0
[matchday_prewarm] 2026-09-13: 1190/1305, falhas=0
[matchday_prewarm] 2026-09-13: 1200/1305, falhas=0
[matchday_prewarm] 2026-09-13: 1210/1305, falhas=0
[matchday_prewarm] 2026-09-13: 1220/1305, falhas=0
[matchday_prewarm] 2026-09-13: 1230/1305, falhas=0
[matchday_prewarm] 2026-09-13: 1240/1305, falhas=0
[matchday_prewarm] 2026-09-13: 1250/1305, falhas=0
[matchday_prewarm] 2026-09-13: 1260/1305, falhas=0
[matchday_prewarm] 2026-09-13: 1270/1305, falhas=0
[matchday_prewarm] 2026-09-13: 1280/1305, falhas=0
[matchday_prewarm] 2026-09-13: 1290/1305, falhas=0
[matchday_prewarm] 2026-09-13: 1300/1305, falhas=0
[matchday_prewarm] 2026-09-13: completo=True entradas=1305/1305 falhas=0
[matchday_prewarm] iniciando índice leve de 2026-09-14
[matchday_prewarm] 2026-09-14: 10/152, falhas=0
[matchday_prewarm] 2026-09-14: 20/152, falhas=0
[matchday_prewarm] 2026-09-14: 30/152, falhas=0
[matchday_prewarm] 2026-09-14: 40/152, falhas=0
[matchday_prewarm] 2026-09-14: 50/152, falhas=0
[matchday_prewarm] 2026-09-14: 60/152, falhas=0
[matchday_prewarm] 2026-09-14: 70/152, falhas=0
[matchday_prewarm] 2026-09-14: 80/152, falhas=0
[matchday_prewarm] 2026-09-14: 90/152, falhas=0
[matchday_prewarm] 2026-09-14: 100/152, falhas=0
[matchday_prewarm] 2026-09-14: 110/152, falhas=0
[matchday_prewarm] 2026-09-14: 120/152, falhas=0
[matchday_prewarm] 2026-09-14: 130/152, falhas=0
[matchday_prewarm] 2026-09-14: 140/152, falhas=0
[matchday_prewarm] 2026-09-14: 150/152, falhas=0
[matchday_prewarm] 2026-09-14: completo=True entradas=152/152 falhas=0
[matchday_prewarm] iniciando índice leve de 2026-09-14
[scraper] Challenge liberado. Sessao persistente ativa.
[matchday_prewarm] 2026-09-14: 10/174, falhas=0
[matchday_prewarm] 2026-09-14: 20/174, falhas=0
[matchday_prewarm] 2026-09-14: 30/174, falhas=0
[matchday_prewarm] 2026-09-14: 40/174, falhas=0
[matchday_prewarm] 2026-09-14: 50/174, falhas=0
[matchday_prewarm] 2026-09-14: 60/174, falhas=0
[matchday_prewarm] 2026-09-14: 70/174, falhas=0
[matchday_prewarm] 2026-09-14: 80/174, falhas=0
[matchday_prewarm] 2026-09-14: 90/174, falhas=0
[matchday_prewarm] 2026-09-14: 100/174, falhas=0
[matchday_prewarm] 2026-09-14: 110/174, falhas=0
[matchday_prewarm] 2026-09-14: 120/174, falhas=0
[matchday_prewarm] 2026-09-14: 130/174, falhas=0
[matchday_prewarm] 2026-09-14: 140/174, falhas=0
[matchday_prewarm] 2026-09-14: 150/174, falhas=0
[matchday_prewarm] 2026-09-14: 160/174, falhas=0
[matchday_prewarm] 2026-09-14: 170/174, falhas=0
[matchday_prewarm] 2026-09-14: completo=True entradas=174/174 falhas=0
[matchday_prewarm] iniciando índice leve de 2026-09-15
[matchday_prewarm] 2026-09-15: 10/219, falhas=0
[matchday_prewarm] 2026-09-15: 20/219, falhas=0
[matchday_prewarm] 2026-09-15: 30/219, falhas=0
[matchday_prewarm] 2026-09-15: 40/219, falhas=0
[matchday_prewarm] 2026-09-15: 50/219, falhas=0
[matchday_prewarm] 2026-09-15: 60/219, falhas=0
[matchday_prewarm] 2026-09-15: 70/219, falhas=0
[matchday_prewarm] 2026-09-15: 80/219, falhas=0
[matchday_prewarm] 2026-09-15: 90/219, falhas=0
[matchday_prewarm] 2026-09-15: 100/219, falhas=0
[matchday_prewarm] 2026-09-15: 110/219, falhas=0
[matchday_prewarm] 2026-09-15: 120/219, falhas=0
[matchday_prewarm] 2026-09-15: 130/219, falhas=0
[matchday_prewarm] 2026-09-15: 140/219, falhas=0
[matchday_prewarm] 2026-09-15: 150/219, falhas=0
[matchday_prewarm] 2026-09-15: 160/219, falhas=0
[matchday_prewarm] 2026-09-15: 170/219, falhas=0
[matchday_prewarm] 2026-09-15: 180/219, falhas=0
[matchday_prewarm] 2026-09-15: 190/219, falhas=0
[matchday_prewarm] 2026-09-15: 200/219, falhas=0
[matchday_prewarm] 2026-09-15: 210/219, falhas=0
[matchday_prewarm] 2026-09-15: completo=True entradas=219/219 falhas=0
[matchday_prewarm] iniciando índice leve de 2026-09-15
[scraper] Challenge liberado. Sessao persistente ativa.
[matchday_prewarm] 2026-09-15: 10/270, falhas=0
[matchday_prewarm] 2026-09-15: 20/270, falhas=0
[matchday_prewarm] 2026-09-15: 30/270, falhas=0
[matchday_prewarm] 2026-09-15: 40/270, falhas=0
[matchday_prewarm] 2026-09-15: 50/270, falhas=0
[matchday_prewarm] 2026-09-15: 60/270, falhas=0
[matchday_prewarm] 2026-09-15: 70/270, falhas=0
[matchday_prewarm] 2026-09-15: 80/270, falhas=0
[matchday_prewarm] 2026-09-15: 90/270, falhas=0
[matchday_prewarm] 2026-09-15: 100/270, falhas=0
[matchday_prewarm] 2026-09-15: 110/270, falhas=0
[matchday_prewarm] 2026-09-15: 120/270, falhas=0
[matchday_prewarm] 2026-09-15: 130/270, falhas=0
[matchday_prewarm] 2026-09-15: 140/270, falhas=0
[matchday_prewarm] 2026-09-15: 150/270, falhas=0
[matchday_prewarm] 2026-09-15: 160/270, falhas=0
[matchday_prewarm] 2026-09-15: 170/270, falhas=0
[matchday_prewarm] 2026-09-15: 180/270, falhas=0
[matchday_prewarm] 2026-09-15: 190/270, falhas=0
[matchday_prewarm] 2026-09-15: 200/270, falhas=0
[matchday_prewarm] 2026-09-15: 210/270, falhas=0
[matchday_prewarm] 2026-09-15: 220/270, falhas=0
[matchday_prewarm] 2026-09-15: 230/270, falhas=0
[matchday_prewarm] 2026-09-15: 240/270, falhas=0
[matchday_prewarm] 2026-09-15: 250/270, falhas=0
[matchday_prewarm] 2026-09-15: 260/270, falhas=0
[matchday_prewarm] 2026-09-15: 270/270, falhas=0
[matchday_prewarm] 2026-09-15: completo=True entradas=270/270 falhas=0
[matchday_prewarm] iniciando índice leve de 2026-09-16
[matchday_prewarm] 2026-09-16: 10/428, falhas=0
[matchday_prewarm] 2026-09-16: 20/428, falhas=0
[matchday_prewarm] 2026-09-16: 30/428, falhas=0
[matchday_prewarm] 2026-09-16: 40/428, falhas=0
[matchday_prewarm] 2026-09-16: 50/428, falhas=0
[matchday_prewarm] 2026-09-16: 60/428, falhas=0
[matchday_prewarm] 2026-09-16: 70/428, falhas=0
[matchday_prewarm] 2026-09-16: 80/428, falhas=0
[matchday_prewarm] 2026-09-16: 90/428, falhas=0
[matchday_prewarm] 2026-09-16: 100/428, falhas=0
[matchday_prewarm] 2026-09-16: 110/428, falhas=0
[matchday_prewarm] 2026-09-16: 120/428, falhas=0
[matchday_prewarm] 2026-09-16: 130/428, falhas=0
[matchday_prewarm] 2026-09-16: 140/428, falhas=0
[matchday_prewarm] 2026-09-16: 150/428, falhas=0
[matchday_prewarm] 2026-09-16: 160/428, falhas=0
[matchday_prewarm] 2026-09-16: 170/428, falhas=0
[matchday_prewarm] 2026-09-16: 180/428, falhas=0
[matchday_prewarm] 2026-09-16: 190/428, falhas=0
[matchday_prewarm] 2026-09-16: 200/428, falhas=0
[matchday_prewarm] 2026-09-16: 210/428, falhas=0
[matchday_prewarm] 2026-09-16: 220/428, falhas=0
[matchday_prewarm] 2026-09-16: 230/428, falhas=0
[matchday_prewarm] 2026-09-16: 240/428, falhas=0
[matchday_prewarm] 2026-09-16: 250/428, falhas=0
[matchday_prewarm] 2026-09-16: 260/428, falhas=0
[matchday_prewarm] 2026-09-16: 270/428, falhas=0
[matchday_prewarm] 2026-09-16: 280/428, falhas=0
[matchday_prewarm] 2026-09-16: 290/428, falhas=0
[matchday_prewarm] 2026-09-16: 300/428, falhas=0
[matchday_prewarm] 2026-09-16: 310/428, falhas=0
[matchday_prewarm] 2026-09-16: 320/428, falhas=0
[matchday_prewarm] 2026-09-16: 330/428, falhas=0
[matchday_prewarm] 2026-09-16: 340/428, falhas=0
[matchday_prewarm] 2026-09-16: 350/428, falhas=0
[matchday_prewarm] 2026-09-16: 360/428, falhas=0
[matchday_prewarm] 2026-09-16: 370/428, falhas=0
[matchday_prewarm] 2026-09-16: 380/428, falhas=0
[matchday_prewarm] 2026-09-16: 390/428, falhas=0
[matchday_prewarm] 2026-09-16: 400/428, falhas=0
[matchday_prewarm] 2026-09-16: 410/428, falhas=0
[matchday_prewarm] 2026-09-16: 420/428, falhas=0
[matchday_prewarm] 2026-09-16: completo=True entradas=428/428 falhas=0
[matchday_prewarm] iniciando índice leve de 2026-09-16
[scraper] Challenge liberado. Sessao persistente ativa.
[matchday_prewarm] 2026-09-16: 10/479, falhas=0
[matchday_prewarm] 2026-09-16: 20/479, falhas=0
[matchday_prewarm] 2026-09-16: 30/479, falhas=0
[matchday_prewarm] 2026-09-16: 40/479, falhas=0
[matchday_prewarm] 2026-09-16: 50/479, falhas=0
[matchday_prewarm] 2026-09-16: 60/479, falhas=0
[matchday_prewarm] 2026-09-16: 70/479, falhas=0
[matchday_prewarm] 2026-09-16: 80/479, falhas=0
[matchday_prewarm] 2026-09-16: 90/479, falhas=0
[matchday_prewarm] 2026-09-16: 100/479, falhas=0
[matchday_prewarm] 2026-09-16: 110/479, falhas=0
[matchday_prewarm] 2026-09-16: 120/479, falhas=0
[matchday_prewarm] 2026-09-16: 130/479, falhas=0
[matchday_prewarm] 2026-09-16: 140/479, falhas=0
[matchday_prewarm] 2026-09-16: 150/479, falhas=0
[matchday_prewarm] 2026-09-16: 160/479, falhas=0
[matchday_prewarm] 2026-09-16: 170/479, falhas=0
[matchday_prewarm] 2026-09-16: 180/479, falhas=0
[matchday_prewarm] 2026-09-16: 190/479, falhas=0
[matchday_prewarm] 2026-09-16: 200/479, falhas=0
[matchday_prewarm] 2026-09-16: 210/479, falhas=0
[matchday_prewarm] 2026-09-16: 220/479, falhas=0
[matchday_prewarm] 2026-09-16: 230/479, falhas=0
[matchday_prewarm] 2026-09-16: 240/479, falhas=0
[matchday_prewarm] 2026-09-16: 250/479, falhas=0
[matchday_prewarm] 2026-09-16: 260/479, falhas=0
[matchday_prewarm] 2026-09-16: 270/479, falhas=0
[matchday_prewarm] 2026-09-16: 280/479, falhas=0
[matchday_prewarm] 2026-09-16: 290/479, falhas=0
[matchday_prewarm] 2026-09-16: 300/479, falhas=0
[matchday_prewarm] 2026-09-16: 310/479, falhas=0
[matchday_prewarm] 2026-09-16: 320/479, falhas=0
[matchday_prewarm] 2026-09-16: 330/479, falhas=0
[matchday_prewarm] 2026-09-16: 340/479, falhas=0
[matchday_prewarm] 2026-09-16: 350/479, falhas=0
[matchday_prewarm] 2026-09-16: 360/479, falhas=0
[matchday_prewarm] 2026-09-16: 370/479, falhas=0
[matchday_prewarm] 2026-09-16: 380/479, falhas=0
[matchday_prewarm] 2026-09-16: 390/479, falhas=0
[matchday_prewarm] 2026-09-16: 400/479, falhas=0
[matchday_prewarm] 2026-09-16: 410/479, falhas=0
[matchday_prewarm] 2026-09-16: 420/479, falhas=0
[matchday_prewarm] 2026-09-16: 430/479, falhas=0
[matchday_prewarm] 2026-09-16: 440/479, falhas=0
[matchday_prewarm] 2026-09-16: 450/479, falhas=0
[matchday_prewarm] 2026-09-16: 460/479, falhas=0
[matchday_prewarm] 2026-09-16: 470/479, falhas=0
[matchday_prewarm] 2026-09-16: completo=True entradas=479/479 falhas=0
[matchday_prewarm] iniciando índice leve de 2026-09-17
[matchday_prewarm] 2026-09-17: 10/186, falhas=0
[matchday_prewarm] 2026-09-17: 20/186, falhas=0
[matchday_prewarm] 2026-09-17: 30/186, falhas=0
[matchday_prewarm] 2026-09-17: 40/186, falhas=0
[matchday_prewarm] 2026-09-17: 50/186, falhas=0
[matchday_prewarm] 2026-09-17: 60/186, falhas=0
[matchday_prewarm] 2026-09-17: 70/186, falhas=0
[matchday_prewarm] 2026-09-17: 80/186, falhas=0
[matchday_prewarm] 2026-09-17: 90/186, falhas=0
[matchday_prewarm] 2026-09-17: 100/186, falhas=0
[matchday_prewarm] 2026-09-17: 110/186, falhas=0
[matchday_prewarm] 2026-09-17: 120/186, falhas=0
[matchday_prewarm] 2026-09-17: 130/186, falhas=0
[matchday_prewarm] 2026-09-17: 140/186, falhas=0
[matchday_prewarm] 2026-09-17: 150/186, falhas=0
[matchday_prewarm] 2026-09-17: 160/186, falhas=0
[matchday_prewarm] 2026-09-17: 170/186, falhas=0
[matchday_prewarm] 2026-09-17: 180/186, falhas=0
[matchday_prewarm] 2026-09-17: completo=True entradas=186/186 falhas=0
[matchday_prewarm] iniciando índice leve de 2026-09-17
[scraper] Challenge liberado. Sessao persistente ativa.
[matchday_prewarm] 2026-09-17: 10/210, falhas=0
[matchday_prewarm] 2026-09-17: 20/210, falhas=0
[matchday_prewarm] 2026-09-17: 30/210, falhas=0
[matchday_prewarm] 2026-09-17: 40/210, falhas=0
[matchday_prewarm] 2026-09-17: 50/210, falhas=0
[matchday_prewarm] 2026-09-17: 60/210, falhas=0
[matchday_prewarm] 2026-09-17: 70/210, falhas=0
[matchday_prewarm] 2026-09-17: 80/210, falhas=0
[matchday_prewarm] 2026-09-17: 90/210, falhas=0
[matchday_prewarm] 2026-09-17: 100/210, falhas=0
[matchday_prewarm] 2026-09-17: 110/210, falhas=0
[matchday_prewarm] 2026-09-17: 120/210, falhas=0
[matchday_prewarm] 2026-09-17: 130/210, falhas=0
[matchday_prewarm] 2026-09-17: 140/210, falhas=0
[matchday_prewarm] 2026-09-17: 150/210, falhas=0
[matchday_prewarm] 2026-09-17: 160/210, falhas=0
[matchday_prewarm] 2026-09-17: 170/210, falhas=0
[matchday_prewarm] 2026-09-17: 180/210, falhas=0
[matchday_prewarm] 2026-09-17: 190/210, falhas=0
[matchday_prewarm] 2026-09-17: 200/210, falhas=0
[matchday_prewarm] 2026-09-17: 210/210, falhas=0
[matchday_prewarm] 2026-09-17: completo=True entradas=210/210 falhas=0
[matchday_prewarm] iniciando índice leve de 2026-09-18
[matchday_prewarm] 2026-09-18: 10/476, falhas=0
[matchday_prewarm] 2026-09-18: 20/476, falhas=0
[matchday_prewarm] 2026-09-18: 30/476, falhas=0
[matchday_prewarm] 2026-09-18: 40/476, falhas=0
[matchday_prewarm] 2026-09-18: 50/476, falhas=0
[matchday_prewarm] 2026-09-18: 60/476, falhas=0
[matchday_prewarm] 2026-09-18: 70/476, falhas=0
[matchday_prewarm] 2026-09-18: 80/476, falhas=0
[matchday_prewarm] 2026-09-18: 90/476, falhas=0
[matchday_prewarm] 2026-09-18: 100/476, falhas=0
[matchday_prewarm] 2026-09-18: 110/476, falhas=0
[matchday_prewarm] 2026-09-18: 120/476, falhas=0
[matchday_prewarm] 2026-09-18: 130/476, falhas=0
[matchday_prewarm] 2026-09-18: 140/476, falhas=0
[matchday_prewarm] 2026-09-18: 150/476, falhas=0
[matchday_prewarm] 2026-09-18: 160/476, falhas=0
[matchday_prewarm] 2026-09-18: 170/476, falhas=0
[matchday_prewarm] 2026-09-18: 180/476, falhas=0
[matchday_prewarm] 2026-09-18: 190/476, falhas=0
[matchday_prewarm] 2026-09-18: 200/476, falhas=0
[matchday_prewarm] 2026-09-18: 210/476, falhas=0
[matchday_prewarm] 2026-09-18: 220/476, falhas=0
[matchday_prewarm] 2026-09-18: 230/476, falhas=0
[matchday_prewarm] 2026-09-18: 240/476, falhas=0
[matchday_prewarm] 2026-09-18: 250/476, falhas=0
[matchday_prewarm] 2026-09-18: 260/476, falhas=0
[matchday_prewarm] 2026-09-18: 270/476, falhas=0
[matchday_prewarm] 2026-09-18: 280/476, falhas=0
[matchday_prewarm] 2026-09-18: 290/476, falhas=0
[matchday_prewarm] 2026-09-18: 300/476, falhas=0
[matchday_prewarm] 2026-09-18: 310/476, falhas=0
[matchday_prewarm] 2026-09-18: 320/476, falhas=0
[matchday_prewarm] 2026-09-18: 330/476, falhas=0
[matchday_prewarm] 2026-09-18: 340/476, falhas=0
[matchday_prewarm] 2026-09-18: 350/476, falhas=0
[matchday_prewarm] 2026-09-18: 360/476, falhas=0
[matchday_prewarm] 2026-09-18: 370/476, falhas=0
[matchday_prewarm] 2026-09-18: 380/476, falhas=0
[matchday_prewarm] 2026-09-18: 390/476, falhas=0
[matchday_prewarm] 2026-09-18: 400/476, falhas=0
[matchday_prewarm] 2026-09-18: 410/476, falhas=0
[matchday_prewarm] 2026-09-18: 420/476, falhas=0
[matchday_prewarm] 2026-09-18: 430/476, falhas=0
[matchday_prewarm] 2026-09-18: 440/476, falhas=0
[matchday_prewarm] 2026-09-18: 450/476, falhas=0
[matchday_prewarm] 2026-09-18: 460/476, falhas=0
[matchday_prewarm] 2026-09-18: 470/476, falhas=0
[matchday_prewarm] 2026-09-18: completo=True entradas=476/476 falhas=0
[matchday_prewarm] iniciando índice leve de 2026-09-18
[scraper] Challenge liberado. Sessao persistente ativa.
[matchday_prewarm] 2026-09-18: 10/543, falhas=0
[matchday_prewarm] 2026-09-18: 20/543, falhas=0
[matchday_prewarm] 2026-09-18: 30/543, falhas=0
[matchday_prewarm] 2026-09-18: 40/543, falhas=0
[matchday_prewarm] 2026-09-18: 50/543, falhas=0
[matchday_prewarm] 2026-09-18: 60/543, falhas=0
[matchday_prewarm] 2026-09-18: 70/543, falhas=0
[matchday_prewarm] 2026-09-18: 80/543, falhas=0
[matchday_prewarm] 2026-09-18: 90/543, falhas=0
[matchday_prewarm] 2026-09-18: 100/543, falhas=0
[matchday_prewarm] 2026-09-18: 110/543, falhas=0
[matchday_prewarm] 2026-09-18: 120/543, falhas=0
[matchday_prewarm] 2026-09-18: 130/543, falhas=0
[matchday_prewarm] 2026-09-18: 140/543, falhas=0
[matchday_prewarm] 2026-09-18: 150/543, falhas=0
[matchday_prewarm] 2026-09-18: 160/543, falhas=0
[matchday_prewarm] 2026-09-18: 170/543, falhas=0
[matchday_prewarm] 2026-09-18: 180/543, falhas=0
[matchday_prewarm] 2026-09-18: 190/543, falhas=0
[matchday_prewarm] 2026-09-18: 200/543, falhas=0
[matchday_prewarm] 2026-09-18: 210/543, falhas=0
[matchday_prewarm] 2026-09-18: 220/543, falhas=0
[matchday_prewarm] 2026-09-18: 230/543, falhas=0
[matchday_prewarm] 2026-09-18: 240/543, falhas=0
[matchday_prewarm] 2026-09-18: 250/543, falhas=0
[matchday_prewarm] 2026-09-18: 260/543, falhas=0
[matchday_prewarm] 2026-09-18: 270/543, falhas=0
[matchday_prewarm] 2026-09-18: 280/543, falhas=0
[matchday_prewarm] 2026-09-18: 290/543, falhas=0
[matchday_prewarm] 2026-09-18: 300/543, falhas=0
[matchday_prewarm] 2026-09-18: 310/543, falhas=0
[matchday_prewarm] 2026-09-18: 320/543, falhas=0
[matchday_prewarm] 2026-09-18: 330/543, falhas=0
[matchday_prewarm] 2026-09-18: 340/543, falhas=0
[matchday_prewarm] 2026-09-18: 350/543, falhas=0
[matchday_prewarm] 2026-09-18: 360/543, falhas=0
[matchday_prewarm] 2026-09-18: 370/543, falhas=0
[matchday_prewarm] 2026-09-18: 380/543, falhas=0
[matchday_prewarm] 2026-09-18: 390/543, falhas=0
[matchday_prewarm] 2026-09-18: 400/543, falhas=0
[matchday_prewarm] 2026-09-18: 410/543, falhas=0
[matchday_prewarm] 2026-09-18: 420/543, falhas=0
[matchday_prewarm] 2026-09-18: 430/543, falhas=0
[matchday_prewarm] 2026-09-18: 440/543, falhas=0
[matchday_prewarm] 2026-09-18: 450/543, falhas=0
[matchday_prewarm] 2026-09-18: 460/543, falhas=0
[matchday_prewarm] 2026-09-18: 470/543, falhas=0
[matchday_prewarm] 2026-09-18: 480/543, falhas=0
[matchday_prewarm] 2026-09-18: 490/543, falhas=0
[matchday_prewarm] 2026-09-18: 500/543, falhas=0
[matchday_prewarm] 2026-09-18: 510/543, falhas=0
[matchday_prewarm] 2026-09-18: 520/543, falhas=0
[matchday_prewarm] 2026-09-18: 530/543, falhas=0
[matchday_prewarm] 2026-09-18: 540/543, falhas=0
[matchday_prewarm] 2026-09-18: completo=True entradas=543/543 falhas=0
[matchday_prewarm] iniciando índice leve de 2026-09-19
[matchday_prewarm] 2026-09-19: 10/1699, falhas=0
[matchday_prewarm] 2026-09-19: 20/1699, falhas=0
[matchday_prewarm] 2026-09-19: 30/1699, falhas=0
[matchday_prewarm] 2026-09-19: 40/1699, falhas=0
[matchday_prewarm] 2026-09-19: 50/1699, falhas=0
[matchday_prewarm] 2026-09-19: 60/1699, falhas=0
[matchday_prewarm] 2026-09-19: 70/1699, falhas=0
[matchday_prewarm] 2026-09-19: 80/1699, falhas=0
[matchday_prewarm] 2026-09-19: 90/1699, falhas=0
[matchday_prewarm] 2026-09-19: 100/1699, falhas=0
[matchday_prewarm] 2026-09-19: 110/1699, falhas=0
[matchday_prewarm] 2026-09-19: 120/1699, falhas=0
[matchday_prewarm] 2026-09-19: 130/1699, falhas=0
[matchday_prewarm] 2026-09-19: 140/1699, falhas=0
[matchday_prewarm] 2026-09-19: 150/1699, falhas=0
[matchday_prewarm] 2026-09-19: 160/1699, falhas=0
[matchday_prewarm] 2026-09-19: 170/1699, falhas=0
[matchday_prewarm] 2026-09-19: 180/1699, falhas=0
[matchday_prewarm] 2026-09-19: 190/1699, falhas=0
[matchday_prewarm] 2026-09-19: 200/1699, falhas=0
[matchday_prewarm] 2026-09-19: 210/1699, falhas=0
[matchday_prewarm] 2026-09-19: 220/1699, falhas=0
[matchday_prewarm] 2026-09-19: 230/1699, falhas=0
[matchday_prewarm] 2026-09-19: 240/1699, falhas=0
[matchday_prewarm] 2026-09-19: 250/1699, falhas=0
[matchday_prewarm] 2026-09-19: 260/1699, falhas=0
[matchday_prewarm] 2026-09-19: 270/1699, falhas=0
[matchday_prewarm] 2026-09-19: 280/1699, falhas=0
[matchday_prewarm] 2026-09-19: 290/1699, falhas=0
[matchday_prewarm] 2026-09-19: 300/1699, falhas=0
[matchday_prewarm] 2026-09-19: 310/1699, falhas=0
[matchday_prewarm] 2026-09-19: 320/1699, falhas=0
[matchday_prewarm] 2026-09-19: 330/1699, falhas=0
[matchday_prewarm] 2026-09-19: 340/1699, falhas=0
[matchday_prewarm] 2026-09-19: 350/1699, falhas=0
[matchday_prewarm] 2026-09-19: 360/1699, falhas=0
[matchday_prewarm] 2026-09-19: 370/1699, falhas=0
[matchday_prewarm] 2026-09-19: 380/1699, falhas=0
[matchday_prewarm] 2026-09-19: 390/1699, falhas=0
[matchday_prewarm] 2026-09-19: 400/1699, falhas=0
[matchday_prewarm] 2026-09-19: 410/1699, falhas=0
[matchday_prewarm] 2026-09-19: 420/1699, falhas=0
[matchday_prewarm] 2026-09-19: 430/1699, falhas=0
[matchday_prewarm] 2026-09-19: 440/1699, falhas=0
[matchday_prewarm] 2026-09-19: 450/1699, falhas=0
[matchday_prewarm] 2026-09-19: 460/1699, falhas=0
[matchday_prewarm] 2026-09-19: 470/1699, falhas=0
[matchday_prewarm] 2026-09-19: 480/1699, falhas=0
[matchday_prewarm] 2026-09-19: 490/1699, falhas=0
[matchday_prewarm] 2026-09-19: 500/1699, falhas=0
[matchday_prewarm] 2026-09-19: 510/1699, falhas=0
[matchday_prewarm] 2026-09-19: 520/1699, falhas=0
[matchday_prewarm] 2026-09-19: 530/1699, falhas=0
[matchday_prewarm] 2026-09-19: 540/1699, falhas=0
[matchday_prewarm] 2026-09-19: 550/1699, falhas=0
[matchday_prewarm] 2026-09-19: 560/1699, falhas=0
[matchday_prewarm] 2026-09-19: 570/1699, falhas=0
[matchday_prewarm] 2026-09-19: 580/1699, falhas=0
[matchday_prewarm] 2026-09-19: 590/1699, falhas=0
[matchday_prewarm] 2026-09-19: 600/1699, falhas=0
[matchday_prewarm] 2026-09-19: 610/1699, falhas=0
[matchday_prewarm] 2026-09-19: 620/1699, falhas=0
[matchday_prewarm] 2026-09-19: 630/1699, falhas=0
[matchday_prewarm] 2026-09-19: 640/1699, falhas=0
[matchday_prewarm] 2026-09-19: 650/1699, falhas=0
[matchday_prewarm] 2026-09-19: 660/1699, falhas=0
[matchday_prewarm] 2026-09-19: 670/1699, falhas=0
[matchday_prewarm] 2026-09-19: 680/1699, falhas=0
[matchday_prewarm] 2026-09-19: 690/1699, falhas=0
[matchday_prewarm] 2026-09-19: 700/1699, falhas=0
[matchday_prewarm] 2026-09-19: 710/1699, falhas=0
[matchday_prewarm] 2026-09-19: 720/1699, falhas=0
[matchday_prewarm] 2026-09-19: 730/1699, falhas=0
[matchday_prewarm] 2026-09-19: 740/1699, falhas=0
[matchday_prewarm] 2026-09-19: 750/1699, falhas=0
[matchday_prewarm] 2026-09-19: 760/1699, falhas=0
[matchday_prewarm] 2026-09-19: 770/1699, falhas=0
[matchday_prewarm] 2026-09-19: 780/1699, falhas=0
[matchday_prewarm] 2026-09-19: 790/1699, falhas=0
[matchday_prewarm] 2026-09-19: 800/1699, falhas=0
[matchday_prewarm] 2026-09-19: 810/1699, falhas=0
[matchday_prewarm] 2026-09-19: 820/1699, falhas=0
[matchday_prewarm] 2026-09-19: 830/1699, falhas=0
[matchday_prewarm] 2026-09-19: 840/1699, falhas=0
[matchday_prewarm] 2026-09-19: 850/1699, falhas=0
[matchday_prewarm] 2026-09-19: 860/1699, falhas=0
[matchday_prewarm] 2026-09-19: 870/1699, falhas=0
[matchday_prewarm] 2026-09-19: 880/1699, falhas=0
[matchday_prewarm] 2026-09-19: 890/1699, falhas=0
[matchday_prewarm] 2026-09-19: 900/1699, falhas=0
[matchday_prewarm] 2026-09-19: 910/1699, falhas=0
[matchday_prewarm] 2026-09-19: 920/1699, falhas=0
[matchday_prewarm] 2026-09-19: 930/1699, falhas=0
[matchday_prewarm] 2026-09-19: 940/1699, falhas=0
[matchday_prewarm] 2026-09-19: 950/1699, falhas=0
[matchday_prewarm] 2026-09-19: 960/1699, falhas=0
[matchday_prewarm] 2026-09-19: 970/1699, falhas=0
[matchday_prewarm] 2026-09-19: 980/1699, falhas=0
[matchday_prewarm] 2026-09-19: 990/1699, falhas=0
[matchday_prewarm] 2026-09-19: 1000/1699, falhas=0
[matchday_prewarm] 2026-09-19: 1010/1699, falhas=0
[matchday_prewarm] 2026-09-19: 1020/1699, falhas=0
[matchday_prewarm] 2026-09-19: 1030/1699, falhas=0
[matchday_prewarm] 2026-09-19: 1040/1699, falhas=0
[matchday_prewarm] 2026-09-19: 1050/1699, falhas=0
[matchday_prewarm] 2026-09-19: 1060/1699, falhas=0
[matchday_prewarm] 2026-09-19: 1070/1699, falhas=0
[matchday_prewarm] 2026-09-19: 1080/1699, falhas=0
[matchday_prewarm] 2026-09-19: 1090/1699, falhas=0
[matchday_prewarm] 2026-09-19: 1100/1699, falhas=0
[matchday_prewarm] 2026-09-19: 1110/1699, falhas=0
[matchday_prewarm] 2026-09-19: 1120/1699, falhas=0
[matchday_prewarm] 2026-09-19: 1130/1699, falhas=0
[matchday_prewarm] 2026-09-19: 1140/1699, falhas=0
[matchday_prewarm] 2026-09-19: 1150/1699, falhas=0
[matchday_prewarm] 2026-09-19: 1160/1699, falhas=0
[matchday_prewarm] 2026-09-19: 1170/1699, falhas=0
[matchday_prewarm] 2026-09-19: 1180/1699, falhas=0
[matchday_prewarm] 2026-09-19: 1190/1699, falhas=0
[matchday_prewarm] 2026-09-19: 1200/1699, falhas=0
[matchday_prewarm] 2026-09-19: 1210/1699, falhas=0
[matchday_prewarm] 2026-09-19: 1220/1699, falhas=0
[matchday_prewarm] 2026-09-19: 1230/1699, falhas=0
[matchday_prewarm] 2026-09-19: 1240/1699, falhas=0
[matchday_prewarm] 2026-09-19: 1250/1699, falhas=0
[matchday_prewarm] 2026-09-19: 1260/1699, falhas=0
[matchday_prewarm] 2026-09-19: 1270/1699, falhas=0
[matchday_prewarm] 2026-09-19: 1280/1699, falhas=0
[matchday_prewarm] 2026-09-19: 1290/1699, falhas=0
[matchday_prewarm] 2026-09-19: 1300/1699, falhas=0
[matchday_prewarm] 2026-09-19: 1310/1699, falhas=0
[matchday_prewarm] 2026-09-19: 1320/1699, falhas=0
[matchday_prewarm] 2026-09-19: 1330/1699, falhas=0
[matchday_prewarm] 2026-09-19: 1340/1699, falhas=0
[matchday_prewarm] 2026-09-19: 1350/1699, falhas=0
[matchday_prewarm] 2026-09-19: 1360/1699, falhas=0
[matchday_prewarm] 2026-09-19: 1370/1699, falhas=0
[matchday_prewarm] 2026-09-19: 1380/1699, falhas=0
[matchday_prewarm] 2026-09-19: 1390/1699, falhas=0
[matchday_prewarm] 2026-09-19: 1400/1699, falhas=0
[matchday_prewarm] 2026-09-19: 1410/1699, falhas=0
[matchday_prewarm] 2026-09-19: 1420/1699, falhas=0
[matchday_prewarm] 2026-09-19: 1430/1699, falhas=0
[matchday_prewarm] 2026-09-19: 1440/1699, falhas=0
[matchday_prewarm] 2026-09-19: 1450/1699, falhas=0
[matchday_prewarm] 2026-09-19: 1460/1699, falhas=0
[matchday_prewarm] 2026-09-19: 1470/1699, falhas=0
[matchday_prewarm] 2026-09-19: 1480/1699, falhas=0
[matchday_prewarm] 2026-09-19: 1490/1699, falhas=0
[matchday_prewarm] 2026-09-19: 1500/1699, falhas=0
[matchday_prewarm] 2026-09-19: 1510/1699, falhas=0
[matchday_prewarm] 2026-09-19: 1520/1699, falhas=0
[matchday_prewarm] 2026-09-19: 1530/1699, falhas=0
[matchday_prewarm] 2026-09-19: 1540/1699, falhas=0
[matchday_prewarm] 2026-09-19: 1550/1699, falhas=0
[matchday_prewarm] 2026-09-19: 1560/1699, falhas=0
[matchday_prewarm] 2026-09-19: 1570/1699, falhas=0
[matchday_prewarm] 2026-09-19: 1580/1699, falhas=0
[matchday_prewarm] 2026-09-19: 1590/1699, falhas=0
[matchday_prewarm] 2026-09-19: 1600/1699, falhas=0
[matchday_prewarm] 2026-09-19: 1610/1699, falhas=0
[matchday_prewarm] 2026-09-19: 1620/1699, falhas=0
[matchday_prewarm] 2026-09-19: 1630/1699, falhas=0
[matchday_prewarm] 2026-09-19: 1640/1699, falhas=0
[matchday_prewarm] 2026-09-19: 1650/1699, falhas=0
[matchday_prewarm] 2026-09-19: 1660/1699, falhas=0
[matchday_prewarm] 2026-09-19: 1670/1699, falhas=0
[matchday_prewarm] 2026-09-19: 1680/1699, falhas=0
[matchday_prewarm] 2026-09-19: 1690/1699, falhas=0
[matchday_prewarm] 2026-09-19: completo=True entradas=1699/1699 falhas=0
[matchday_prewarm] iniciando índice leve de 2026-09-19
[scraper] Challenge liberado. Sessao persistente ativa.
[matchday_prewarm] 2026-09-19: 10/1797, falhas=0
[matchday_prewarm] 2026-09-19: 20/1797, falhas=0
[matchday_prewarm] 2026-09-19: 30/1797, falhas=0
[matchday_prewarm] 2026-09-19: 40/1797, falhas=0
[matchday_prewarm] 2026-09-19: 50/1797, falhas=0
[matchday_prewarm] 2026-09-19: 60/1797, falhas=0
[matchday_prewarm] 2026-09-19: 70/1797, falhas=0
[matchday_prewarm] 2026-09-19: 80/1797, falhas=0
[matchday_prewarm] 2026-09-19: 90/1797, falhas=0
[matchday_prewarm] 2026-09-19: 100/1797, falhas=0
[matchday_prewarm] 2026-09-19: 110/1797, falhas=0
[matchday_prewarm] 2026-09-19: 120/1797, falhas=0
[matchday_prewarm] 2026-09-19: 130/1797, falhas=0
[matchday_prewarm] 2026-09-19: 140/1797, falhas=0
[matchday_prewarm] 2026-09-19: 150/1797, falhas=0
[matchday_prewarm] 2026-09-19: 160/1797, falhas=0
[matchday_prewarm] 2026-09-19: 170/1797, falhas=0
[matchday_prewarm] 2026-09-19: 180/1797, falhas=0
[matchday_prewarm] 2026-09-19: 190/1797, falhas=0
[matchday_prewarm] 2026-09-19: 200/1797, falhas=0
[matchday_prewarm] 2026-09-19: 210/1797, falhas=0
[matchday_prewarm] 2026-09-19: 220/1797, falhas=0
[matchday_prewarm] 2026-09-19: 230/1797, falhas=0
[matchday_prewarm] 2026-09-19: 240/1797, falhas=0
[matchday_prewarm] 2026-09-19: 250/1797, falhas=0
[matchday_prewarm] 2026-09-19: 260/1797, falhas=0
[matchday_prewarm] 2026-09-19: 270/1797, falhas=0
[matchday_prewarm] 2026-09-19: 280/1797, falhas=0
[matchday_prewarm] 2026-09-19: 290/1797, falhas=0
[matchday_prewarm] 2026-09-19: 300/1797, falhas=0
[matchday_prewarm] 2026-09-19: 310/1797, falhas=0
[matchday_prewarm] 2026-09-19: 320/1797, falhas=0
[matchday_prewarm] 2026-09-19: 330/1797, falhas=0
[matchday_prewarm] 2026-09-19: 340/1797, falhas=0
[matchday_prewarm] 2026-09-19: 350/1797, falhas=0
[matchday_prewarm] 2026-09-19: 360/1797, falhas=0
[matchday_prewarm] 2026-09-19: 370/1797, falhas=0
[matchday_prewarm] 2026-09-19: 380/1797, falhas=0
[matchday_prewarm] 2026-09-19: 390/1797, falhas=0
[matchday_prewarm] 2026-09-19: 400/1797, falhas=0
[matchday_prewarm] 2026-09-19: 410/1797, falhas=0
[matchday_prewarm] 2026-09-19: 420/1797, falhas=0
[matchday_prewarm] 2026-09-19: 430/1797, falhas=0
[matchday_prewarm] 2026-09-19: 440/1797, falhas=0
[matchday_prewarm] 2026-09-19: 450/1797, falhas=0
[matchday_prewarm] 2026-09-19: 460/1797, falhas=0
[matchday_prewarm] 2026-09-19: 470/1797, falhas=0
[matchday_prewarm] 2026-09-19: 480/1797, falhas=0
[matchday_prewarm] 2026-09-19: 490/1797, falhas=0
[matchday_prewarm] 2026-09-19: 500/1797, falhas=0
[matchday_prewarm] 2026-09-19: 510/1797, falhas=0
[matchday_prewarm] 2026-09-19: 520/1797, falhas=0
[matchday_prewarm] 2026-09-19: 530/1797, falhas=0
[matchday_prewarm] 2026-09-19: 540/1797, falhas=0
[matchday_prewarm] 2026-09-19: 550/1797, falhas=0
[matchday_prewarm] 2026-09-19: 560/1797, falhas=0
[matchday_prewarm] 2026-09-19: 570/1797, falhas=0
[matchday_prewarm] 2026-09-19: 580/1797, falhas=0
[matchday_prewarm] 2026-09-19: 590/1797, falhas=0
[matchday_prewarm] 2026-09-19: 600/1797, falhas=0
[matchday_prewarm] 2026-09-19: 610/1797, falhas=0
[matchday_prewarm] 2026-09-19: 620/1797, falhas=0
[matchday_prewarm] 2026-09-19: 630/1797, falhas=0
[matchday_prewarm] 2026-09-19: 640/1797, falhas=0
[matchday_prewarm] 2026-09-19: 650/1797, falhas=0
[matchday_prewarm] 2026-09-19: 660/1797, falhas=0
[matchday_prewarm] 2026-09-19: 670/1797, falhas=0
[matchday_prewarm] 2026-09-19: 680/1797, falhas=0
[matchday_prewarm] 2026-09-19: 690/1797, falhas=0
[matchday_prewarm] 2026-09-19: 700/1797, falhas=0
[matchday_prewarm] 2026-09-19: 710/1797, falhas=0
[matchday_prewarm] 2026-09-19: 720/1797, falhas=0
[matchday_prewarm] 2026-09-19: 730/1797, falhas=0
[matchday_prewarm] 2026-09-19: 740/1797, falhas=0
[matchday_prewarm] 2026-09-19: 750/1797, falhas=0
[matchday_prewarm] 2026-09-19: 760/1797, falhas=0
[matchday_prewarm] 2026-09-19: 770/1797, falhas=0
[matchday_prewarm] 2026-09-19: 780/1797, falhas=0
[matchday_prewarm] 2026-09-19: 790/1797, falhas=0
[matchday_prewarm] 2026-09-19: 800/1797, falhas=0
[matchday_prewarm] 2026-09-19: 810/1797, falhas=0
[matchday_prewarm] 2026-09-19: 820/1797, falhas=0
[matchday_prewarm] 2026-09-19: 830/1797, falhas=0
[matchday_prewarm] 2026-09-19: 840/1797, falhas=0
[matchday_prewarm] 2026-09-19: 850/1797, falhas=0
[matchday_prewarm] 2026-09-19: 860/1797, falhas=0
[matchday_prewarm] 2026-09-19: 870/1797, falhas=0
[matchday_prewarm] 2026-09-19: 880/1797, falhas=0
[matchday_prewarm] 2026-09-19: 890/1797, falhas=0
[matchday_prewarm] 2026-09-19: 900/1797, falhas=0
[matchday_prewarm] 2026-09-19: 910/1797, falhas=0
[matchday_prewarm] 2026-09-19: 920/1797, falhas=0
[matchday_prewarm] 2026-09-19: 930/1797, falhas=0
[matchday_prewarm] 2026-09-19: 940/1797, falhas=0
[matchday_prewarm] 2026-09-19: 950/1797, falhas=0
[matchday_prewarm] 2026-09-19: 960/1797, falhas=0
[matchday_prewarm] 2026-09-19: 970/1797, falhas=0
[matchday_prewarm] 2026-09-19: 980/1797, falhas=0
[matchday_prewarm] 2026-09-19: 990/1797, falhas=0
[matchday_prewarm] 2026-09-19: 1000/1797, falhas=0
[matchday_prewarm] 2026-09-19: 1010/1797, falhas=0
[matchday_prewarm] 2026-09-19: 1020/1797, falhas=0
[matchday_prewarm] 2026-09-19: 1030/1797, falhas=0
[matchday_prewarm] 2026-09-19: 1040/1797, falhas=0
[matchday_prewarm] 2026-09-19: 1050/1797, falhas=0
[matchday_prewarm] 2026-09-19: 1060/1797, falhas=0
[matchday_prewarm] 2026-09-19: 1070/1797, falhas=0
[matchday_prewarm] 2026-09-19: 1080/1797, falhas=0
[matchday_prewarm] 2026-09-19: 1090/1797, falhas=0
[matchday_prewarm] 2026-09-19: 1100/1797, falhas=0
[matchday_prewarm] 2026-09-19: 1110/1797, falhas=0
[matchday_prewarm] 2026-09-19: 1120/1797, falhas=0
[matchday_prewarm] 2026-09-19: 1130/1797, falhas=0
[matchday_prewarm] 2026-09-19: 1140/1797, falhas=0
[matchday_prewarm] 2026-09-19: 1150/1797, falhas=0
[matchday_prewarm] 2026-09-19: 1160/1797, falhas=0
[matchday_prewarm] 2026-09-19: 1170/1797, falhas=0
[matchday_prewarm] 2026-09-19: 1180/1797, falhas=0
[matchday_prewarm] 2026-09-19: 1190/1797, falhas=0
[matchday_prewarm] 2026-09-19: 1200/1797, falhas=0
[matchday_prewarm] 2026-09-19: 1210/1797, falhas=0
[matchday_prewarm] 2026-09-19: 1220/1797, falhas=0
[matchday_prewarm] 2026-09-19: 1230/1797, falhas=0
[matchday_prewarm] 2026-09-19: 1240/1797, falhas=0
[matchday_prewarm] 2026-09-19: 1250/1797, falhas=0
[matchday_prewarm] 2026-09-19: 1260/1797, falhas=0
[matchday_prewarm] 2026-09-19: 1270/1797, falhas=0
[matchday_prewarm] 2026-09-19: 1280/1797, falhas=0
[matchday_prewarm] 2026-09-19: 1290/1797, falhas=0
[matchday_prewarm] 2026-09-19: 1300/1797, falhas=0
[matchday_prewarm] 2026-09-19: 1310/1797, falhas=0
[matchday_prewarm] 2026-09-19: 1320/1797, falhas=0
[matchday_prewarm] 2026-09-19: 1330/1797, falhas=0
[matchday_prewarm] 2026-09-19: 1340/1797, falhas=0
[matchday_prewarm] 2026-09-19: 1350/1797, falhas=0
[matchday_prewarm] 2026-09-19: 1360/1797, falhas=0
[matchday_prewarm] 2026-09-19: 1370/1797, falhas=0
[matchday_prewarm] 2026-09-19: 1380/1797, falhas=0
[matchday_prewarm] 2026-09-19: 1390/1797, falhas=0
[matchday_prewarm] 2026-09-19: 1400/1797, falhas=0
[matchday_prewarm] 2026-09-19: 1410/1797, falhas=0
[matchday_prewarm] 2026-09-19: 1420/1797, falhas=0
[matchday_prewarm] 2026-09-19: 1430/1797, falhas=0
[matchday_prewarm] 2026-09-19: 1440/1797, falhas=0
[matchday_prewarm] 2026-09-19: 1450/1797, falhas=0
[matchday_prewarm] 2026-09-19: 1460/1797, falhas=0
[matchday_prewarm] 2026-09-19: 1470/1797, falhas=0
[matchday_prewarm] 2026-09-19: 1480/1797, falhas=0
[matchday_prewarm] 2026-09-19: 1490/1797, falhas=0
[matchday_prewarm] 2026-09-19: 1500/1797, falhas=0
[matchday_prewarm] 2026-09-19: 1510/1797, falhas=0
[matchday_prewarm] 2026-09-19: 1520/1797, falhas=0
[matchday_prewarm] 2026-09-19: 1530/1797, falhas=0
[matchday_prewarm] 2026-09-19: 1540/1797, falhas=0
[matchday_prewarm] 2026-09-19: 1550/1797, falhas=0
[matchday_prewarm] 2026-09-19: 1560/1797, falhas=0
[matchday_prewarm] 2026-09-19: 1570/1797, falhas=0
[matchday_prewarm] 2026-09-19: 1580/1797, falhas=0
[matchday_prewarm] 2026-09-19: 1590/1797, falhas=0
[matchday_prewarm] 2026-09-19: 1600/1797, falhas=0
[matchday_prewarm] 2026-09-19: 1610/1797, falhas=0
[matchday_prewarm] 2026-09-19: 1620/1797, falhas=0
[matchday_prewarm] 2026-09-19: 1630/1797, falhas=0
[matchday_prewarm] 2026-09-19: 1640/1797, falhas=0
[matchday_prewarm] 2026-09-19: 1650/1797, falhas=0
[matchday_prewarm] 2026-09-19: 1660/1797, falhas=0
[matchday_prewarm] 2026-09-19: 1670/1797, falhas=0
[matchday_prewarm] 2026-09-19: 1680/1797, falhas=0
[matchday_prewarm] 2026-09-19: 1690/1797, falhas=0
[matchday_prewarm] 2026-09-19: 1700/1797, falhas=0
[matchday_prewarm] 2026-09-19: 1710/1797, falhas=0
[matchday_prewarm] 2026-09-19: 1720/1797, falhas=0
[matchday_prewarm] 2026-09-19: 1730/1797, falhas=0
[matchday_prewarm] 2026-09-19: 1740/1797, falhas=0
[matchday_prewarm] 2026-09-19: 1750/1797, falhas=0
[matchday_prewarm] 2026-09-19: 1760/1797, falhas=0
[matchday_prewarm] 2026-09-19: 1770/1797, falhas=0
[matchday_prewarm] 2026-09-19: 1780/1797, falhas=0
[matchday_prewarm] 2026-09-19: 1790/1797, falhas=0
[matchday_prewarm] 2026-09-19: completo=True entradas=1797/1797 falhas=0
[matchday_prewarm] iniciando índice leve de 2026-09-20
[matchday_prewarm] 2026-09-20: 10/1179, falhas=0
[matchday_prewarm] 2026-09-20: 20/1179, falhas=0
[matchday_prewarm] 2026-09-20: 30/1179, falhas=0
[matchday_prewarm] 2026-09-20: 40/1179, falhas=0
[matchday_prewarm] 2026-09-20: 50/1179, falhas=0
[matchday_prewarm] 2026-09-20: 60/1179, falhas=0
[matchday_prewarm] 2026-09-20: 70/1179, falhas=0
[matchday_prewarm] 2026-09-20: 80/1179, falhas=0
[matchday_prewarm] 2026-09-20: 90/1179, falhas=0
[matchday_prewarm] 2026-09-20: 100/1179, falhas=0
[matchday_prewarm] 2026-09-20: 110/1179, falhas=0
[matchday_prewarm] 2026-09-20: 120/1179, falhas=0
[matchday_prewarm] 2026-09-20: 130/1179, falhas=0
[matchday_prewarm] 2026-09-20: 140/1179, falhas=0
[matchday_prewarm] 2026-09-20: 150/1179, falhas=0
[matchday_prewarm] 2026-09-20: 160/1179, falhas=0
[matchday_prewarm] 2026-09-20: 170/1179, falhas=0
[matchday_prewarm] 2026-09-20: 180/1179, falhas=0
[matchday_prewarm] 2026-09-20: 190/1179, falhas=0
[matchday_prewarm] 2026-09-20: 200/1179, falhas=0
[matchday_prewarm] 2026-09-20: 210/1179, falhas=0
[matchday_prewarm] 2026-09-20: 220/1179, falhas=0
[matchday_prewarm] 2026-09-20: 230/1179, falhas=0
[matchday_prewarm] 2026-09-20: 240/1179, falhas=0
[matchday_prewarm] 2026-09-20: 250/1179, falhas=0
[matchday_prewarm] 2026-09-20: 260/1179, falhas=0
[matchday_prewarm] 2026-09-20: 270/1179, falhas=0
[matchday_prewarm] 2026-09-20: 280/1179, falhas=0
[matchday_prewarm] 2026-09-20: 290/1179, falhas=0
[matchday_prewarm] 2026-09-20: 300/1179, falhas=0
[matchday_prewarm] 2026-09-20: 310/1179, falhas=0
[matchday_prewarm] 2026-09-20: 320/1179, falhas=0
[matchday_prewarm] 2026-09-20: 330/1179, falhas=0
[matchday_prewarm] 2026-09-20: 340/1179, falhas=0
[matchday_prewarm] 2026-09-20: 350/1179, falhas=0
[matchday_prewarm] 2026-09-20: 360/1179, falhas=0
[matchday_prewarm] 2026-09-20: 370/1179, falhas=0
[matchday_prewarm] 2026-09-20: 380/1179, falhas=0
[matchday_prewarm] 2026-09-20: 390/1179, falhas=0
[matchday_prewarm] 2026-09-20: 400/1179, falhas=0
[matchday_prewarm] 2026-09-20: 410/1179, falhas=0
[matchday_prewarm] 2026-09-20: 420/1179, falhas=0
[matchday_prewarm] 2026-09-20: 430/1179, falhas=0
[matchday_prewarm] 2026-09-20: 440/1179, falhas=0
[matchday_prewarm] 2026-09-20: 450/1179, falhas=0
[matchday_prewarm] 2026-09-20: 460/1179, falhas=0
[matchday_prewarm] 2026-09-20: 470/1179, falhas=0
[matchday_prewarm] 2026-09-20: 480/1179, falhas=0
[matchday_prewarm] 2026-09-20: 490/1179, falhas=0
[matchday_prewarm] 2026-09-20: 500/1179, falhas=0
[matchday_prewarm] 2026-09-20: 510/1179, falhas=0
[matchday_prewarm] 2026-09-20: 520/1179, falhas=0
[matchday_prewarm] 2026-09-20: 530/1179, falhas=0
[matchday_prewarm] 2026-09-20: 540/1179, falhas=0
[matchday_prewarm] 2026-09-20: 550/1179, falhas=0
[matchday_prewarm] 2026-09-20: 560/1179, falhas=0
[matchday_prewarm] 2026-09-20: 570/1179, falhas=0
[matchday_prewarm] 2026-09-20: 580/1179, falhas=0
[matchday_prewarm] 2026-09-20: 590/1179, falhas=0
[matchday_prewarm] 2026-09-20: 600/1179, falhas=0
[matchday_prewarm] 2026-09-20: 610/1179, falhas=0
[matchday_prewarm] 2026-09-20: 620/1179, falhas=0
[matchday_prewarm] 2026-09-20: 630/1179, falhas=0
[matchday_prewarm] 2026-09-20: 640/1179, falhas=0
[matchday_prewarm] 2026-09-20: 650/1179, falhas=0
[matchday_prewarm] 2026-09-20: 660/1179, falhas=0
[matchday_prewarm] 2026-09-20: 670/1179, falhas=0
[matchday_prewarm] 2026-09-20: 680/1179, falhas=0
[matchday_prewarm] 2026-09-20: 690/1179, falhas=0
[matchday_prewarm] 2026-09-20: 700/1179, falhas=0
[matchday_prewarm] 2026-09-20: 710/1179, falhas=0
[matchday_prewarm] 2026-09-20: 720/1179, falhas=0
[matchday_prewarm] 2026-09-20: 730/1179, falhas=0
[matchday_prewarm] 2026-09-20: 740/1179, falhas=0
[matchday_prewarm] 2026-09-20: 750/1179, falhas=0
[matchday_prewarm] 2026-09-20: 760/1179, falhas=0
[matchday_prewarm] 2026-09-20: 770/1179, falhas=0
[matchday_prewarm] 2026-09-20: 780/1179, falhas=0
[matchday_prewarm] 2026-09-20: 790/1179, falhas=0
[matchday_prewarm] 2026-09-20: 800/1179, falhas=0
[matchday_prewarm] 2026-09-20: 810/1179, falhas=0
[matchday_prewarm] 2026-09-20: 820/1179, falhas=0
[matchday_prewarm] 2026-09-20: 830/1179, falhas=0
[matchday_prewarm] 2026-09-20: 840/1179, falhas=0
[scraper] Cloudflare detectado. Tentando clicar no checkbox automaticamente...
[scraper] Challenge liberado. Sessao persistente ativa.
[matchday_prewarm] 2026-09-20: 850/1179, falhas=0
[matchday_prewarm] 2026-09-20: 860/1179, falhas=0
[matchday_prewarm] 2026-09-20: 870/1179, falhas=0
[matchday_prewarm] 2026-09-20: 880/1179, falhas=0
[matchday_prewarm] 2026-09-20: 890/1179, falhas=0
[matchday_prewarm] 2026-09-20: 900/1179, falhas=0
[matchday_prewarm] 2026-09-20: 910/1179, falhas=0
[matchday_prewarm] 2026-09-20: 920/1179, falhas=0
[matchday_prewarm] 2026-09-20: 930/1179, falhas=0
[matchday_prewarm] 2026-09-20: 940/1179, falhas=0
[matchday_prewarm] 2026-09-20: 950/1179, falhas=0
[matchday_prewarm] 2026-09-20: 960/1179, falhas=0
[matchday_prewarm] 2026-09-20: 970/1179, falhas=0
[matchday_prewarm] 2026-09-20: 980/1179, falhas=0
[matchday_prewarm] 2026-09-20: 990/1179, falhas=0
[matchday_prewarm] 2026-09-20: 1000/1179, falhas=0
[matchday_prewarm] 2026-09-20: 1010/1179, falhas=0
[matchday_prewarm] 2026-09-20: 1020/1179, falhas=0
[matchday_prewarm] 2026-09-20: 1030/1179, falhas=0
[matchday_prewarm] 2026-09-20: 1040/1179, falhas=0
[matchday_prewarm] 2026-09-20: 1050/1179, falhas=0
[matchday_prewarm] 2026-09-20: 1060/1179, falhas=0
[matchday_prewarm] 2026-09-20: 1070/1179, falhas=0
[matchday_prewarm] 2026-09-20: 1080/1179, falhas=0
[matchday_prewarm] 2026-09-20: 1090/1179, falhas=0
[matchday_prewarm] 2026-09-20: 1100/1179, falhas=0
[matchday_prewarm] 2026-09-20: 1110/1179, falhas=0
[matchday_prewarm] 2026-09-20: 1120/1179, falhas=0
[matchday_prewarm] 2026-09-20: 1130/1179, falhas=0
[matchday_prewarm] 2026-09-20: 1140/1179, falhas=0
[matchday_prewarm] 2026-09-20: 1150/1179, falhas=0
[matchday_prewarm] 2026-09-20: 1160/1179, falhas=0
[matchday_prewarm] 2026-09-20: 1170/1179, falhas=0
[matchday_prewarm] 2026-09-20: completo=True entradas=1179/1179 falhas=0
[matchday_prewarm] iniciando índice leve de 2026-09-20
[scraper] Challenge liberado. Sessao persistente ativa.
[matchday_prewarm] 2026-09-20: 10/1282, falhas=0
[matchday_prewarm] 2026-09-20: 20/1282, falhas=0
[matchday_prewarm] 2026-09-20: 30/1282, falhas=0
[matchday_prewarm] 2026-09-20: 40/1282, falhas=0
[matchday_prewarm] 2026-09-20: 50/1282, falhas=0
[matchday_prewarm] 2026-09-20: 60/1282, falhas=0
[matchday_prewarm] 2026-09-20: 70/1282, falhas=0
[matchday_prewarm] 2026-09-20: 80/1282, falhas=0
[matchday_prewarm] 2026-09-20: 90/1282, falhas=0
[matchday_prewarm] 2026-09-20: 100/1282, falhas=0
[matchday_prewarm] 2026-09-20: 110/1282, falhas=0
[matchday_prewarm] 2026-09-20: 120/1282, falhas=0
[matchday_prewarm] 2026-09-20: 130/1282, falhas=0
[matchday_prewarm] 2026-09-20: 140/1282, falhas=0
[matchday_prewarm] 2026-09-20: 150/1282, falhas=0
[matchday_prewarm] 2026-09-20: 160/1282, falhas=0
[matchday_prewarm] 2026-09-20: 170/1282, falhas=0
[matchday_prewarm] 2026-09-20: 180/1282, falhas=0
[matchday_prewarm] 2026-09-20: 190/1282, falhas=0
[matchday_prewarm] 2026-09-20: 200/1282, falhas=0
[matchday_prewarm] 2026-09-20: 210/1282, falhas=0
[matchday_prewarm] 2026-09-20: 220/1282, falhas=0
[matchday_prewarm] 2026-09-20: 230/1282, falhas=0
[matchday_prewarm] 2026-09-20: 240/1282, falhas=0
[matchday_prewarm] 2026-09-20: 250/1282, falhas=0
[matchday_prewarm] 2026-09-20: 260/1282, falhas=0
[matchday_prewarm] 2026-09-20: 270/1282, falhas=0
[matchday_prewarm] 2026-09-20: 280/1282, falhas=0
[matchday_prewarm] 2026-09-20: 290/1282, falhas=0
[matchday_prewarm] 2026-09-20: 300/1282, falhas=0
[matchday_prewarm] 2026-09-20: 310/1282, falhas=0
[matchday_prewarm] 2026-09-20: 320/1282, falhas=0
[matchday_prewarm] 2026-09-20: 330/1282, falhas=0
[matchday_prewarm] 2026-09-20: 340/1282, falhas=0
[matchday_prewarm] 2026-09-20: 350/1282, falhas=0
[matchday_prewarm] 2026-09-20: 360/1282, falhas=0
[matchday_prewarm] 2026-09-20: 370/1282, falhas=0
[matchday_prewarm] 2026-09-20: 380/1282, falhas=0
[matchday_prewarm] 2026-09-20: 390/1282, falhas=0
[matchday_prewarm] 2026-09-20: 400/1282, falhas=0
[matchday_prewarm] 2026-09-20: 410/1282, falhas=0
[matchday_prewarm] 2026-09-20: 420/1282, falhas=0
[matchday_prewarm] 2026-09-20: 430/1282, falhas=0
[matchday_prewarm] 2026-09-20: 440/1282, falhas=0
[matchday_prewarm] 2026-09-20: 450/1282, falhas=0
[matchday_prewarm] 2026-09-20: 460/1282, falhas=0
[matchday_prewarm] 2026-09-20: 470/1282, falhas=0
[matchday_prewarm] 2026-09-20: 480/1282, falhas=0
[matchday_prewarm] 2026-09-20: 490/1282, falhas=0
[matchday_prewarm] 2026-09-20: 500/1282, falhas=0
[matchday_prewarm] 2026-09-20: 510/1282, falhas=0
[matchday_prewarm] 2026-09-20: 520/1282, falhas=0
[matchday_prewarm] 2026-09-20: 530/1282, falhas=0
[matchday_prewarm] 2026-09-20: 540/1282, falhas=0
[matchday_prewarm] 2026-09-20: 550/1282, falhas=0
[matchday_prewarm] 2026-09-20: 560/1282, falhas=0
[matchday_prewarm] 2026-09-20: 570/1282, falhas=0
[matchday_prewarm] 2026-09-20: 580/1282, falhas=0
[matchday_prewarm] 2026-09-20: 590/1282, falhas=0
[matchday_prewarm] 2026-09-20: 600/1282, falhas=0
[matchday_prewarm] 2026-09-20: 610/1282, falhas=0
[matchday_prewarm] 2026-09-20: 620/1282, falhas=0
[matchday_prewarm] 2026-09-20: 630/1282, falhas=0
[matchday_prewarm] 2026-09-20: 640/1282, falhas=0
[matchday_prewarm] 2026-09-20: 650/1282, falhas=0
[matchday_prewarm] 2026-09-20: 660/1282, falhas=0
[matchday_prewarm] 2026-09-20: 670/1282, falhas=0
[matchday_prewarm] 2026-09-20: 680/1282, falhas=0
[matchday_prewarm] 2026-09-20: 690/1282, falhas=0
[matchday_prewarm] 2026-09-20: 700/1282, falhas=0
[matchday_prewarm] 2026-09-20: 710/1282, falhas=0
[matchday_prewarm] 2026-09-20: 720/1282, falhas=0
[matchday_prewarm] 2026-09-20: 730/1282, falhas=0
[matchday_prewarm] 2026-09-20: 740/1282, falhas=0
[matchday_prewarm] 2026-09-20: 750/1282, falhas=0
[matchday_prewarm] 2026-09-20: 760/1282, falhas=0
[matchday_prewarm] 2026-09-20: 770/1282, falhas=0
[matchday_prewarm] 2026-09-20: 780/1282, falhas=0
[matchday_prewarm] 2026-09-20: 790/1282, falhas=0
[matchday_prewarm] 2026-09-20: 800/1282, falhas=0
[matchday_prewarm] 2026-09-20: 810/1282, falhas=0
[matchday_prewarm] 2026-09-20: 820/1282, falhas=0
[matchday_prewarm] 2026-09-20: 830/1282, falhas=0
[matchday_prewarm] 2026-09-20: 840/1282, falhas=0
[matchday_prewarm] 2026-09-20: 850/1282, falhas=0
[matchday_prewarm] 2026-09-20: 860/1282, falhas=0
[matchday_prewarm] 2026-09-20: 870/1282, falhas=0
[matchday_prewarm] 2026-09-20: 880/1282, falhas=0
[matchday_prewarm] 2026-09-20: 890/1282, falhas=0
[matchday_prewarm] 2026-09-20: 900/1282, falhas=0
[matchday_prewarm] 2026-09-20: 910/1282, falhas=0
[matchday_prewarm] 2026-09-20: 920/1282, falhas=0
[matchday_prewarm] 2026-09-20: 930/1282, falhas=0
[matchday_prewarm] 2026-09-20: 940/1282, falhas=0
[matchday_prewarm] 2026-09-20: 950/1282, falhas=0
[matchday_prewarm] 2026-09-20: 960/1282, falhas=0
[matchday_prewarm] 2026-09-20: 970/1282, falhas=0
[matchday_prewarm] 2026-09-20: 980/1282, falhas=0
[matchday_prewarm] 2026-09-20: 990/1282, falhas=0
[matchday_prewarm] 2026-09-20: 1000/1282, falhas=0
[matchday_prewarm] 2026-09-20: 1010/1282, falhas=0
[matchday_prewarm] 2026-09-20: 1020/1282, falhas=0
[matchday_prewarm] 2026-09-20: 1030/1282, falhas=0
[matchday_prewarm] 2026-09-20: 1040/1282, falhas=0
[matchday_prewarm] 2026-09-20: 1050/1282, falhas=0
[matchday_prewarm] 2026-09-20: 1060/1282, falhas=0
[matchday_prewarm] 2026-09-20: 1070/1282, falhas=0
[matchday_prewarm] 2026-09-20: 1080/1282, falhas=0
[matchday_prewarm] 2026-09-20: 1090/1282, falhas=0
[matchday_prewarm] 2026-09-20: 1100/1282, falhas=0
[matchday_prewarm] 2026-09-20: 1110/1282, falhas=0
[matchday_prewarm] 2026-09-20: 1120/1282, falhas=0
[matchday_prewarm] 2026-09-20: 1130/1282, falhas=0
[matchday_prewarm] 2026-09-20: 1140/1282, falhas=0
[matchday_prewarm] 2026-09-20: 1150/1282, falhas=0
[matchday_prewarm] 2026-09-20: 1160/1282, falhas=0
[matchday_prewarm] 2026-09-20: 1170/1282, falhas=0
[matchday_prewarm] 2026-09-20: 1180/1282, falhas=0
[matchday_prewarm] 2026-09-20: 1190/1282, falhas=0
[matchday_prewarm] 2026-09-20: 1200/1282, falhas=0
[matchday_prewarm] 2026-09-20: 1210/1282, falhas=0
[matchday_prewarm] 2026-09-20: 1220/1282, falhas=0
[matchday_prewarm] 2026-09-20: 1230/1282, falhas=0
[matchday_prewarm] 2026-09-20: 1240/1282, falhas=0
[matchday_prewarm] 2026-09-20: 1250/1282, falhas=0
[matchday_prewarm] 2026-09-20: 1260/1282, falhas=0
[matchday_prewarm] 2026-09-20: 1270/1282, falhas=0
[matchday_prewarm] 2026-09-20: 1280/1282, falhas=0
[matchday_prewarm] 2026-09-20: completo=True entradas=1282/1282 falhas=0
[matchday_prewarm] iniciando índice leve de 2026-09-21
[matchday_prewarm] 2026-09-21: 10/136, falhas=0
[matchday_prewarm] 2026-09-21: 20/136, falhas=0
[matchday_prewarm] 2026-09-21: 30/136, falhas=0
[matchday_prewarm] 2026-09-21: 40/136, falhas=0
[matchday_prewarm] 2026-09-21: 50/136, falhas=0
[matchday_prewarm] 2026-09-21: 60/136, falhas=0
[matchday_prewarm] 2026-09-21: 70/136, falhas=0
[matchday_prewarm] 2026-09-21: 80/136, falhas=0
[matchday_prewarm] 2026-09-21: 90/136, falhas=0
[matchday_prewarm] 2026-09-21: 100/136, falhas=0
[matchday_prewarm] 2026-09-21: 110/136, falhas=0
[matchday_prewarm] 2026-09-21: 120/136, falhas=0
[matchday_prewarm] 2026-09-21: 130/136, falhas=0
[matchday_prewarm] 2026-09-21: completo=True entradas=136/136 falhas=0
[matchday_prewarm] iniciando índice leve de 2026-09-21
[scraper] Challenge liberado. Sessao persistente ativa.
[matchday_prewarm] 2026-09-21: 10/171, falhas=0
[matchday_prewarm] 2026-09-21: 20/171, falhas=0
[matchday_prewarm] 2026-09-21: 30/171, falhas=0
[matchday_prewarm] 2026-09-21: 40/171, falhas=0
[matchday_prewarm] 2026-09-21: 50/171, falhas=0
[matchday_prewarm] 2026-09-21: 60/171, falhas=0
[matchday_prewarm] 2026-09-21: 70/171, falhas=0
[matchday_prewarm] 2026-09-21: 80/171, falhas=0
[matchday_prewarm] 2026-09-21: 90/171, falhas=0
[matchday_prewarm] 2026-09-21: 100/171, falhas=0
[matchday_prewarm] 2026-09-21: 110/171, falhas=0
[matchday_prewarm] 2026-09-21: 120/171, falhas=0
[matchday_prewarm] 2026-09-21: 130/171, falhas=0
[matchday_prewarm] 2026-09-21: 140/171, falhas=0
[matchday_prewarm] 2026-09-21: 150/171, falhas=0
[matchday_prewarm] 2026-09-21: 160/171, falhas=0
[matchday_prewarm] 2026-09-21: 170/171, falhas=0
[matchday_prewarm] 2026-09-21: completo=True entradas=171/171 falhas=0
[matchday_prewarm] iniciando índice leve de 2026-09-22
[matchday_prewarm] 2026-09-22: 10/196, falhas=0
[matchday_prewarm] 2026-09-22: 20/196, falhas=0
[matchday_prewarm] 2026-09-22: 30/196, falhas=0
[matchday_prewarm] 2026-09-22: 40/196, falhas=0
[matchday_prewarm] 2026-09-22: 50/196, falhas=0
[matchday_prewarm] 2026-09-22: 60/196, falhas=0
[matchday_prewarm] 2026-09-22: 70/196, falhas=0
[matchday_prewarm] 2026-09-22: 80/196, falhas=0
[matchday_prewarm] 2026-09-22: 90/196, falhas=0
[matchday_prewarm] 2026-09-22: 100/196, falhas=0
[matchday_prewarm] 2026-09-22: 110/196, falhas=0
[matchday_prewarm] 2026-09-22: 120/196, falhas=0
[matchday_prewarm] 2026-09-22: 130/196, falhas=0
[matchday_prewarm] 2026-09-22: 140/196, falhas=0
[matchday_prewarm] 2026-09-22: 150/196, falhas=0
[matchday_prewarm] 2026-09-22: 160/196, falhas=0
[matchday_prewarm] 2026-09-22: 170/196, falhas=0
[matchday_prewarm] 2026-09-22: 180/196, falhas=0
[matchday_prewarm] 2026-09-22: 190/196, falhas=0
[matchday_prewarm] 2026-09-22: completo=True entradas=196/196 falhas=0
